itemId,score
610041391219 ,4.7 
537659955795 ,4.9 
522900342691 ,4.8 
596201072920 ,4.8 
594370342052 ,4.8 
610295225363 ,4.7 
613686664426 ,5.0 
538218798736 ,4.9 
614820399492 ,0.0 
607624095058 ,4.8 
613980487410 ,0.0 
612843718209 ,4.7 
612842918645 ,4.6 
613686124926 ,4.6 
610115485350 ,4.7 
612995423231 ,5.0 
604523035521 ,5.0 
587303449208 ,4.4 
600648224982 ,4.8 
592773370299 ,4.8 
560039556029 ,4.7 
604018643095 ,4.7 
586417644886 ,5.0 
605258474859 ,4.6 
606696262291 ,4.7 
593534108241 ,4.3 
584542129248 ,4.8 
595315061569 ,4.8 
597247081984 ,4.8 
569016121185 ,4.8 
602211671414 ,4.8 
587437738422 ,4.6 
602577338304 ,4.7 
579941253290 ,4.7 
571176557386 ,4.9 
603646936963 ,4.7 
600511180609 ,4.7 
599030315226 ,4.7 
583380909513 ,4.8 
605628419345 ,4.8 
600453072145 ,4.6 
551587654506 ,4.9 
603853480385 ,4.8 
575185629164 ,4.7 
602298220755 ,4.7 
605778268245 ,4.7 
587952721274 ,4.8 
557603214362 ,4.9 
589029754366 ,4.8 
613827732171 ,0.0 
610028055860 ,4.8 
552578279064 ,4.8 
572550768260 ,4.9 
557453342269 ,4.8 
606698098438 ,4.7 
592886404401 ,4.8 
594428613643 ,4.8 
607792456647 ,0.0 
609607226552 ,0.0 
607568929605 ,0.0 
609078865364 ,0.0 
608105593275 ,0.0 
608612541572 ,0.0 
609060412477 ,0.0 
609857594094 ,0.0 
608570525431 ,0.0 
609811709953 ,0.0 
608612297153 ,0.0 
609110617231 ,0.0 
607818534926 ,0.0 
609124313157 ,0.0 
608715166756 ,0.0 
610068104243 ,0.0 
608003362352 ,0.0 
609801219572 ,0.0 
609296883597 ,0.0 
608516516524 ,0.0 
608637573853 ,0.0 
609861698838 ,0.0 
609066723513 ,0.0 
609822760646 ,0.0 
607883468917 ,0.0 
607838856452 ,0.0 
610928571114 ,0.0 
610586723288 ,0.0 
610469790619 ,0.0 
608758017090 ,0.0 
608056043948 ,0.0 
610643025701 ,0.0 
609408355669 ,0.0 
607553136023 ,0.0 
610810428577 ,0.0 
605227493332 ,4.8 
597761904438 ,0.0 
578894882608 ,0.0 
608725698333 ,0.0 
608944839555 ,0.0 
608581379625 ,0.0 
609317535389 ,0.0 
609927754734 ,0.0 
610798807335 ,0.0 
609141350573 ,0.0 
577264573195 ,0.0 
602670544230 ,0.0 
576834511195 ,0.0 
577779464905 ,0.0 
602777976850 ,0.0 
594053937634 ,0.0 
587697582264 ,0.0 
590176837717 ,0.0 
573676068622 ,0.0 
599498468270 ,0.0 
596992467118 ,0.0 
576456654168 ,0.0 
598959729597 ,0.0 
603646593789 ,0.0 
589098890610 ,0.0 
606178197683 ,0.0 
587495860168 ,0.0 
602748116779 ,0.0 
603041071011 ,0.0 
598584708197 ,0.0 
602929124178 ,0.0 
602983237208 ,0.0 
596819227788 ,0.0 
587556051748 ,0.0 
596860938846 ,0.0 
579553160806 ,0.0 
590287070004 ,0.0 
602544257438 ,0.0 
580705261416 ,0.0 
602061786534 ,0.0 
605043849880 ,0.0 
606076657945 ,0.0 
605926644986 ,0.0 
605163814948 ,0.0 
609637332869 ,5.0 
611853848114 ,0.0 
577065480315 ,4.9 
606270996806 ,0.0 
606700070547 ,0.0 
600120936880 ,0.0 
604463471235 ,0.0 
603423075105 ,0.0 
605005214587 ,0.0 
599241399646 ,0.0 
602265190802 ,0.0 
600417687007 ,0.0 
601056197768 ,0.0 
596836111727 ,0.0 
583938121166 ,0.0 
593563806431 ,0.0 
606687213220 ,0.0 
606639738936 ,0.0 
601853721889 ,0.0 
602808718316 ,0.0 
602548781541 ,0.0 
607622183032 ,0.0 
603928501377 ,0.0 
602923633801 ,0.0 
601302050327 ,0.0 
596744032427 ,0.0 
601418147596 ,0.0 
579381394125 ,0.0 
596893191240 ,0.0 
601227926501 ,0.0 
604271911567 ,0.0 
603404928152 ,0.0 
559088734010 ,0.0 
602747541415 ,0.0 
601496154229 ,0.0 
603563408603 ,0.0 
596730749138 ,0.0 
603694853960 ,0.0 
598198981445 ,0.0 
603392676935 ,0.0 
604198094809 ,0.0 
604249102049 ,0.0 
602866725518 ,0.0 
606704371390 ,0.0 
608037685726 ,5.0 
612156026466 ,0.0 
606893335734 ,4.6 
599337335634 ,0.0 
573515811155 ,0.0 
583945510245 ,0.0 
602763118852 ,0.0 
604103762291 ,0.0 
590399799108 ,0.0 
592104603072 ,0.0 
598275642555 ,0.0 
605435377531 ,0.0 
605154136599 ,0.0 
593484960804 ,0.0 
605899059413 ,0.0 
594544074923 ,0.0 
603068151734 ,0.0 
597180374918 ,0.0 
600891420392 ,0.0 
584009922581 ,0.0 
587027574125 ,0.0 
599163194477 ,0.0 
602009177820 ,0.0 
591943047665 ,0.0 
569647448437 ,0.0 
603812372081 ,0.0 
605741884746 ,0.0 
599245373389 ,0.0 
603888185239 ,0.0 
606422387236 ,0.0 
603093685863 ,0.0 
602741600040 ,0.0 
606508763182 ,0.0 
589259926069 ,0.0 
603066601762 ,0.0 
590200321796 ,0.0 
606603854888 ,0.0 
606605478082 ,0.0 
597435735120 ,0.0 
604829810762 ,0.0 
603791156181 ,0.0 
603342961377 ,0.0 
603733652570 ,0.0 
605193838414 ,0.0 
569872584689 ,0.0 
613125043054 ,0.0 
596790862061 ,0.0 
605151633193 ,0.0 
602052262480 ,0.0 
603409351358 ,0.0 
603379619598 ,0.0 
604092001560 ,0.0 
606005265233 ,0.0 
590207431113 ,0.0 
603179451558 ,0.0 
596838963673 ,0.0 
601961505794 ,0.0 
577890546299 ,0.0 
582978974501 ,0.0 
603417839217 ,0.0 
604960272728 ,0.0 
602916581281 ,0.0 
603536519292 ,0.0 
604500066270 ,0.0 
603502732427 ,0.0 
606436086600 ,0.0 
605813100971 ,0.0 
604267438779 ,0.0 
577629608772 ,0.0 
604143071564 ,0.0 
578326125727 ,0.0 
602374757643 ,0.0 
605797001147 ,0.0 
603419976692 ,0.0 
604064355373 ,0.0 
584133882474 ,0.0 
580429232282 ,0.0 
606825805883 ,0.0 
607081461852 ,0.0 
607540194186 ,0.0 
612397649045 ,4.9 
605637840112 ,4.9 
601845349222 ,4.9 
612999530556 ,4.8 
614058216288 ,0.0 
609173087188 ,4.8 
609052049839 ,4.8 
579686514666 ,4.8 
602009498890 ,4.9 
609820893148 ,4.8 
611976521703 ,5.0 
613748961043 ,5.0 
610635877920 ,4.9 
610798806459 ,4.6 
611098606670 ,4.7 
610591828009 ,4.9 
611055770310 ,5.0 
610511548840 ,4.7 
611108863975 ,4.9 
610281364199 ,4.8 
613017390157 ,5.0 
610958520196 ,4.8 
611099234425 ,4.6 
612250043372 ,4.9 
611225065843 ,0.0 
611011306172 ,4.9 
611021875294 ,4.8 
611871524955 ,4.8 
611289659406 ,4.2 
610535848214 ,4.6 
610633589090 ,4.9 
611368250668 ,4.7 
610366340624 ,4.8 
611710123920 ,4.8 
613255795747 ,4.6 
611053930261 ,5.0 
611019071356 ,4.8 
612591882555 ,4.6 
612724087618 ,5.0 
614567238223 ,0.0 
611472086935 ,4.6 
610790286709 ,4.8 
611500439575 ,5.0 
611638835979 ,4.2 
611221573479 ,5.0 
612250162636 ,4.8 
611712879814 ,4.7 
610815089248 ,4.7 
611330807911 ,4.5 
610877598205 ,4.8 
611020445921 ,4.9 
611332123907 ,4.8 
613255843487 ,4.8 
603014626385 ,5.0 
612237875971 ,4.9 
612343485944 ,4.5 
610634101207 ,4.8 
610959668566 ,4.7 
613611639786 ,5.0 
611110207870 ,4.8 
611228457661 ,4.8 
611099431467 ,4.8 
611022221849 ,5.0 
610725504305 ,4.6 
610797686296 ,4.8 
611638839243 ,4.8 
610555841675 ,4.6 
611028251654 ,4.5 
610534084590 ,4.8 
611401438767 ,5.0 
611099671216 ,4.8 
612345993498 ,5.0 
610551285661 ,4.8 
612833491155 ,5.0 
610553793902 ,5.0 
610281404822 ,4.8 
612977477012 ,5.0 
610285084902 ,4.8 
612075580918 ,5.0 
611026067104 ,4.8 
611275979103 ,4.7 
610795774732 ,4.5 
612842709219 ,4.8 
610556493192 ,4.2 
611277439268 ,4.6 
610799486371 ,4.9 
611019059153 ,4.6 
610860212063 ,5.0 
613515859552 ,4.8 
597707699338 ,0.0 
610247550387 ,4.8 
613027469511 ,4.8 
597337421841 ,0.0 
597338205777 ,0.0 
612231809000 ,4.9 
612505509115 ,4.8 
611821561602 ,4.8 
611822421717 ,4.8 
611055854321 ,0.0 
608455568395 ,4.8 
613383489174 ,4.6 
606559432455 ,5.0 
611048808013 ,4.8 
612391063803 ,4.8 
609952909254 ,4.8 
608714569137 ,4.8 
615032671252 ,0.0 
614022850324 ,0.0 
607878990908 ,4.7 
608819507503 ,4.8 
608422965786 ,4.8 
613859176347 ,0.0 
607826182160 ,4.8 
613757125454 ,0.0 
609229367936 ,4.9 
608521702224 ,0.0 
611472518334 ,4.8 
610961172483 ,5.0 
611471754173 ,5.0 
612468715703 ,0.0 
613040641563 ,0.0 
611849598961 ,0.0 
612686471618 ,0.0 
611756720045 ,0.0 
609178554865 ,0.0 
611868931388 ,4.9 
612459615388 ,4.9 
609344556435 ,4.9 
611976281369 ,4.9 
611984046699 ,4.9 
609608673817 ,4.8 
610072719613 ,4.9 
610114111624 ,4.7 
608604219796 ,4.8 
611224893062 ,4.7 
607891408217 ,4.8 
611467146894 ,4.8 
611704967339 ,4.8 
608384662277 ,4.8 
611224501710 ,4.7 
613393479604 ,4.0 
612634252693 ,4.9 
612006489266 ,0.0 
612969202972 ,5.0 
612077406464 ,0.0 
609025002927 ,4.9 
613942654288 ,5.0 
612418319218 ,5.0 
611631821448 ,4.8 
613068500357 ,5.0 
612178538355 ,4.8 
613757302342 ,4.8 
605188204455 ,4.9 
613489312787 ,4.9 
611873634612 ,4.7 
608292072322 ,4.8 
612463347402 ,4.9 
608552505877 ,4.8 
606828257589 ,4.8 
609132407074 ,4.8 
611953510430 ,0.0 
614245327980 ,0.0 
611632352374 ,0.0 
609202803970 ,0.0 
611173724387 ,4.9 
611959021813 ,5.0 
611964536383 ,4.8 
611457204969 ,0.0 
611521319868 ,4.8 
611831376657 ,0.0 
613240954176 ,0.0 
611992189729 ,4.9 
609317899740 ,4.8 
612269813164 ,4.7 
609881121014 ,0.0 
612013975659 ,0.0 
614199043812 ,0.0 
613017727422 ,0.0 
612193335062 ,0.0 
613215236111 ,0.0 
613080243312 ,0.0 
612054567231 ,4.8 
611706772953 ,4.9 
609845094785 ,4.9 
607873270085 ,0.0 
613282906176 ,0.0 
611983365397 ,0.0 
611657236644 ,4.7 
611925857489 ,4.6 
609914296790 ,4.8 
607872743416 ,4.7 
613959521686 ,5.0 
573378924261 ,4.9 
538705099322 ,4.3 
613865692097 ,0.0 
612646625588 ,4.8 
611637508320 ,5.0 
608797337013 ,4.8 
611899732148 ,4.7 
611967085592 ,0.0 
609707272771 ,4.6 
611445005516 ,4.9 
614622815940 ,4.2 
608965462047 ,4.7 
608471204077 ,4.8 
612443442629 ,4.8 
612630784577 ,4.8 
610989541054 ,4.5 
612960458099 ,4.7 
614210918930 ,5.0 
613831497964 ,4.0 
609387660054 ,4.7 
614598877204 ,0.0 
613556676401 ,0.0 
606985984128 ,5.0 
608941812297 ,4.7 
611412545075 ,4.7 
613000522816 ,4.8 
608863255683 ,4.8 
611584116194 ,4.8 
579723826583 ,4.7 
608730217096 ,4.7 
611711917214 ,4.8 
614065090622 ,0.0 
612450651611 ,4.6 
611525560119 ,4.8 
611525640054 ,4.8 
609388300226 ,4.8 
611525560119 ,4.8 
611711917214 ,4.8 
609388300226 ,4.8 
614192171920 ,4.8 
609696602520 ,4.7 
611525640054 ,4.8 
612389883524 ,4.8 
610482763757 ,4.8 
610124459315 ,4.8 
609061050069 ,4.9 
610073287693 ,4.8 
611364273267 ,4.8 
613744112766 ,5.0 
608270252386 ,4.9 
614020637575 ,0.0 
612589524372 ,4.8 
608521523496 ,4.7 
614334305224 ,0.0 
608801385005 ,4.8 
614162414478 ,0.0 
614389950864 ,0.0 
611197499057 ,0.0 
614356669986 ,0.0 
609854062414 ,4.8 
610495454184 ,4.8 
614835047269 ,0.0 
611978017240 ,5.0 
610071582548 ,4.9 
613003061511 ,4.5 
614730785180 ,0.0 
612346111056 ,4.4 
610656590177 ,4.6 
611765732121 ,4.4 
608595910482 ,4.7 
614976694524 ,0.0 
609389854918 ,4.3 
609078595005 ,4.8 
612949645194 ,0.0 
613547356967 ,4.2 
609178468935 ,4.7 
609226963605 ,4.8 
612514418687 ,4.8 
613251432190 ,5.0 
608894668758 ,4.3 
608923825993 ,4.6 
612438415741 ,4.5 
613257131086 ,4.5 
613701845948 ,0.0 
610131768469 ,4.8 
609227283886 ,4.8 
608414908301 ,4.8 
613332594544 ,1.0 
608718301934 ,4.5 
613574203997 ,0.0 
614060308004 ,0.0 
610075923748 ,5.0 
36188165064 ,4.6 
613532541690 ,0.0 
608736701194 ,4.7 
614052224007 ,0.0 
608475312423 ,4.6 
608475164518 ,4.6 
614630735591 ,0.0 
609027738907 ,4.9 
610461825878 ,4.7 
613140097434 ,0.0 
606444369512 ,5.0 
612616159994 ,4.8 
609855530362 ,4.0 
611674056208 ,5.0 
612245618773 ,4.7 
610453829078 ,4.5 
609844566891 ,5.0 
614611858540 ,0.0 
608330729267 ,4.8 
614356265845 ,0.0 
609177671460 ,5.0 
608381492484 ,4.6 
614132161823 ,0.0 
609773301417 ,0.0 
613384599007 ,4.5 
612246596557 ,0.0 
613551983562 ,4.5 
610464139491 ,0.0 
614585870911 ,0.0 
611049818026 ,4.1 
610407464251 ,4.8 
607785257288 ,4.0 
614230226444 ,0.0 
613562471754 ,0.0 
609166184486 ,5.0 
611172440466 ,3.8 
614358609048 ,0.0 
614587058264 ,0.0 
607659017371 ,5.0 
609241903960 ,4.9 
614563147815 ,0.0 
609093759861 ,4.7 
613309110279 ,0.0 
609012304062 ,4.8 
613307738070 ,5.0 
606838983961 ,4.8 
612055419071 ,4.9 
609777669915 ,4.8 
609162506395 ,4.9 
612412983713 ,4.9 
611928861867 ,4.9 
613156166190 ,4.6 
608491550789 ,4.7 
607741102741 ,4.9 
613914800463 ,0.0 
610098772669 ,4.9 
611879936778 ,5.0 
609371453095 ,4.8 
614507598367 ,5.0 
609820893148 ,4.8 
613203660886 ,0.0 
608798848881 ,4.8 
609080266844 ,4.8 
612515210304 ,4.8 
613466259133 ,5.0 
610000449626 ,4.8 
610084336397 ,4.7 
612826166520 ,4.8 
608926777644 ,4.8 
608903253648 ,4.9 
552762636980 ,4.7 
610038892315 ,4.7 
612659551697 ,4.8 
610974541853 ,5.0 
610672464790 ,0.0 
609473032097 ,0.0 
612510788338 ,5.0 
609428344326 ,4.6 
610205056317 ,0.0 
610086043132 ,0.0 
609692197692 ,5.0 
609920891892 ,0.0 
612907609836 ,0.0 
613026018420 ,0.0 
610205496076 ,0.0 
614319949572 ,5.0 
613261283870 ,4.7 
610672732389 ,5.0 
613003497106 ,4.8 
608624796897 ,4.8 
611928141647 ,4.8 
612513978778 ,4.9 
608339992695 ,4.8 
613935668791 ,5.0 
613402525890 ,4.7 
613518867885 ,4.7 
609556052162 ,4.7 
608347602044 ,4.9 
609608445563 ,4.8 
613589131533 ,4.6 
610408054806 ,4.8 
609404430768 ,4.8 
613565084453 ,0.0 
614849814448 ,0.0 
613837687514 ,0.0 
609159933443 ,4.6 
611570012158 ,5.0 
611871131602 ,0.0 
615022358579 ,0.0 
611665780299 ,4.8 
611796008352 ,4.8 
607747484255 ,5.0 
612415137982 ,0.0 
612493322553 ,0.0 
608782813576 ,0.0 
610861553644 ,0.0 
611775850273 ,0.0 
609433213464 ,4.8 
608043259399 ,4.8 
610585635304 ,4.9 
607826526689 ,4.8 
613608328649 ,0.0 
613960689397 ,4.8 
612592173664 ,5.0 
607950255102 ,4.8 
611706472481 ,5.0 
612626175248 ,5.0 
610073303185 ,4.9 
612558512067 ,4.8 
612756160717 ,4.7 
612459431496 ,4.6 
613888389633 ,5.0 
612249714197 ,4.7 
612291777714 ,4.8 
607246260596 ,4.9 
612318700406 ,5.0 
609790583163 ,4.9 
610073995259 ,4.8 
611840242203 ,4.8 
608894666729 ,4.8 
614973902532 ,0.0 
614155102687 ,0.0 
608962797645 ,4.9 
610118533670 ,4.9 
612430596397 ,0.0 
595221983261 ,4.8 
614057836309 ,0.0 
612811701067 ,4.8 
614833679080 ,0.0 
613919484185 ,0.0 
609203800542 ,4.9 
609716117491 ,4.8 
607979937114 ,4.8 
613682576584 ,4.8 
610031692136 ,5.0 
611657508714 ,4.8 
612153294648 ,4.7 
609062357669 ,4.8 
609115767080 ,4.8 
613534564187 ,5.0 
612336839607 ,4.7 
613441655278 ,4.9 
611999840080 ,4.8 
613017980245 ,5.0 
610239834762 ,5.0 
610190556899 ,4.7 
609728673196 ,5.0 
610203962372 ,4.8 
614502627429 ,4.8 
609593429273 ,4.8 
609183438719 ,4.8 
613273022118 ,4.5 
612507235042 ,4.9 
612758503702 ,4.8 
612141704915 ,0.0 
612724320618 ,0.0 
613316103235 ,4.9 
609633696665 ,4.9 
613680812383 ,4.9 
613683288543 ,4.8 
614874967330 ,4.7 
614628462768 ,5.0 
612489783698 ,4.9 
613494828128 ,0.0 
610013170879 ,4.9 
613379333800 ,4.9 
613926012291 ,4.9 
610355438039 ,4.9 
610484719736 ,4.7 
611460407891 ,4.8 
609902856543 ,4.9 
613109608837 ,5.0 
610766449581 ,4.9 
612006017294 ,4.9 
612899897058 ,4.9 
608522708194 ,4.9 
613833985207 ,4.9 
608911110430 ,4.8 
611680244339 ,4.8 
612211766852 ,4.8 
612754765955 ,4.6 
612277670207 ,5.0 
611009692291 ,4.7 
613807729875 ,4.8 
612860489342 ,4.9 
613635207075 ,5.0 
609426007574 ,4.9 
610640915693 ,4.6 
609334766846 ,4.9 
611583800324 ,4.7 
614615851807 ,4.9 
609910932360 ,4.8 
610057335535 ,4.6 
609346083784 ,4.8 
612771833405 ,4.9 
570347382801 ,5.0 
610572455802 ,4.8 
609490464547 ,4.7 
609175012165 ,4.8 
614189898958 ,5.0 
610344074700 ,4.8 
613126308499 ,0.0 
613635171544 ,0.0 
614833703702 ,0.0 
557541943907 ,5.0 
613922720723 ,0.0 
610179925734 ,4.9 
614834435949 ,0.0 
611956744022 ,4.8 
610133900511 ,5.0 
614276616882 ,0.0 
608344068214 ,4.9 
609893768463 ,4.8 
609905044387 ,4.8 
611307927533 ,4.8 
612330272552 ,5.0 
609727197635 ,4.9 
613711353132 ,5.0 
607745880149 ,4.8 
609252940898 ,4.7 
612873628597 ,5.0 
609528579866 ,4.9 
609300726349 ,4.8 
612222942641 ,4.9 
609353516840 ,4.8 
611867199973 ,4.9 
612462675829 ,4.8 
612357504011 ,0.0 
607325708345 ,4.8 
607251852071 ,4.9 
609303099644 ,4.9 
609845514878 ,5.0 
611616420240 ,0.0 
613704073442 ,0.0 
613427692697 ,0.0 
611603095993 ,5.0 
610941801288 ,5.0 
611973036165 ,5.0 
610527680974 ,5.0 
608547481015 ,4.8 
613679692113 ,5.0 
608455659907 ,4.8 
613025014684 ,5.0 
614507806018 ,0.0 
613580654582 ,5.0 
613823803833 ,5.0 
613024458420 ,0.0 
610589830725 ,4.9 
612495464487 ,5.0 
614011174100 ,4.6 
609711944050 ,4.7 
611969564229 ,5.0 
603342797827 ,0.0 
607635829988 ,4.7 
613249906026 ,5.0 
612531362294 ,5.0 
606477974467 ,0.0 
610043466387 ,5.0 
614193831213 ,0.0 
609638763153 ,4.8 
609192572074 ,5.0 
609788012868 ,4.8 
613127100703 ,5.0 
614193227178 ,0.0 
608803606613 ,4.7 
612795017921 ,5.0 
610444271494 ,5.0 
610552050890 ,4.7 
615031799291 ,0.0 
612302930643 ,5.0 
614239029266 ,0.0 
540951713943 ,4.7 
613480362477 ,4.8 
611929109810 ,0.0 
614486366467 ,5.0 
613889183030 ,4.7 
610932253427 ,0.0 
613017389743 ,4.8 
611999452592 ,4.7 
614139370171 ,4.8 
613264014362 ,4.7 
614435307895 ,4.7 
614466239798 ,0.0 
612382530868 ,0.0 
612613191773 ,0.0 
611698180264 ,0.0 
612955677152 ,0.0 
612709352636 ,4.7 
612423383215 ,0.0 
609082871802 ,4.9 
612436207834 ,4.9 
612318356452 ,4.9 
611675517986 ,0.0 
612734435148 ,0.0 
607563516135 ,0.0 
612494422607 ,0.0 
611734928047 ,4.8 
611917716592 ,4.9 
613900519502 ,0.0 
613011338138 ,4.9 
612767921760 ,4.8 
612497216686 ,4.9 
608048193109 ,0.0 
612179786666 ,0.0 
611492892387 ,0.0 
612726692325 ,0.0 
612001933311 ,0.0 
612452927025 ,4.8 
609229919704 ,4.8 
609748674809 ,4.8 
609427273009 ,4.8 
611584920905 ,4.7 
609680873032 ,4.7 
612733720450 ,4.7 
608197056525 ,4.8 
608032619336 ,4.9 
610458598878 ,4.6 
610054549255 ,4.7 
610354243782 ,0.0 
607390476199 ,4.8 
607390476199 ,4.8 
613887267266 ,4.8 
612720732549 ,4.8 
611803692818 ,0.0 
612902034898 ,0.0 
614022700561 ,4.9 
615065611704 ,4.9 
609735515238 ,0.0 
612430780095 ,0.0 
610239485038 ,0.0 
609805252637 ,0.0 
611465684541 ,0.0 
608661788751 ,4.9 
612004929770 ,0.0 
614870343292 ,0.0 
614384625409 ,0.0 
611317824780 ,0.0 
610859033750 ,0.0 
611367437489 ,0.0 
609516483338 ,4.9 
613340131119 ,0.0 
611215778267 ,5.0 
610711094111 ,0.0 
613025798834 ,5.0 
609457781411 ,0.0 
613153458344 ,5.0 
609737365159 ,5.0 
610673392233 ,0.0 
612782005694 ,5.0 
610158223101 ,5.0 
609930950082 ,5.0 
611417111061 ,5.0 
610156719965 ,5.0 
609622609506 ,0.0 
613259335748 ,5.0 
614091252985 ,0.0 
610126482137 ,0.0 
613901073808 ,4.9 
613612440047 ,4.9 
608161011314 ,0.0 
611745032697 ,0.0 
611292127763 ,4.7 
612967076656 ,0.0 
612110126154 ,0.0 
613926830269 ,0.0 
610854281914 ,0.0 
610090619728 ,4.7 
609294576029 ,4.9 
609427309025 ,4.8 
609843822784 ,4.9 
611670828399 ,4.9 
613494983368 ,4.9 
613120596992 ,4.9 
613797610433 ,0.0 
611746705738 ,0.0 
614058830857 ,0.0 
612735080575 ,4.8 
613392485501 ,4.8 
608356400414 ,4.8 
609429751811 ,4.7 
612736924882 ,0.0 
608802259207 ,5.0 
612642162710 ,5.0 
611155605593 ,5.0 
608342693449 ,4.7 
611816664717 ,5.0 
610121319144 ,5.0 
609873172831 ,5.0 
609044395726 ,4.7 
612960846076 ,0.0 
612083077094 ,0.0 
613499091974 ,0.0 
612116555782 ,5.0 
610138965289 ,4.5 
611320514634 ,4.9 
613884011844 ,4.0 
612105347736 ,5.0 
610609791318 ,5.0 
612328546276 ,0.0 
610133809126 ,0.0 
612959906833 ,0.0 
612327158835 ,4.6 
608660682885 ,0.0 
610133881313 ,4.8 
608151421319 ,4.7 
610811348830 ,5.0 
609475410208 ,0.0 
610417874699 ,4.9 
610417874699 ,4.9 
613329216182 ,5.0 
612567775339 ,4.9 
609870604970 ,0.0 
608586041158 ,4.9 
611515295583 ,4.4 
610610363254 ,5.0 
610454998237 ,5.0 
609767934234 ,5.0 
608344801990 ,4.6 
612751212437 ,0.0 
612328042277 ,0.0 
608915096334 ,5.0 
612327006735 ,4.9 
612483403996 ,4.2 
608577566814 ,4.6 
613401278467 ,0.0 
612979968459 ,0.0 
609116772452 ,0.0 
608630558187 ,0.0 
611418171302 ,0.0 
613398551443 ,0.0 
613016282643 ,0.0 
613026746314 ,0.0 
610158251079 ,0.0 
610157767546 ,0.0 
614042952839 ,0.0 
611215318855 ,0.0 
612782333342 ,0.0 
610084099534 ,0.0 
609975774445 ,0.0 
611180434888 ,0.0 
609428192700 ,0.0 
609930934398 ,0.0 
610941179648 ,0.0 
612998187616 ,0.0 
608424728558 ,4.7 
609656761878 ,4.8 
613261830557 ,0.0 
612827208421 ,0.0 
613775954644 ,0.0 
610582007596 ,0.0 
609472784400 ,0.0 
613397123624 ,0.0 
614820031249 ,0.0 
610469345544 ,0.0 
609458572948 ,0.0 
609457817351 ,0.0 
610157771245 ,5.0 
610939965405 ,0.0 
610158019025 ,4.0 
612782733369 ,5.0 
611181022545 ,0.0 
612499976689 ,3.0 
610706768859 ,5.0 
609692993078 ,0.0 
612780765957 ,5.0 
613623913449 ,0.0 
612774566593 ,0.0 
610473942686 ,0.0 
613718972841 ,0.0 
611388707376 ,0.0 
613003250733 ,0.0 
609428164798 ,3.0 
609957686025 ,0.0 
610941269272 ,0.0 
609977194363 ,0.0 
612500036323 ,0.0 
613026226860 ,0.0 
611451515702 ,0.0 
610672472787 ,0.0 
610469585327 ,0.0 
612510548532 ,3.0 
610087295027 ,0.0 
609695354038 ,0.0 
610156979839 ,5.0 
613397247517 ,0.0 
614370773195 ,0.0 
608926558947 ,0.0 
608429364099 ,0.0 
610640445627 ,0.0 
610944861834 ,0.0 
610582431776 ,0.0 
610028055860 ,4.8 
612346986235 ,0.0 
614819835468 ,0.0 
600425243338 ,0.0 
596965097990 ,0.0 
611051658751 ,0.0 
613246669964 ,0.0 
610834554846 ,0.0 
612147563392 ,0.0 
607681936414 ,0.0 
610467556313 ,0.0 
613599174182 ,0.0 
611714673453 ,0.0 
610202371707 ,0.0 
611180622357 ,0.0 
609620137185 ,0.0 
611215786462 ,0.0 
610672504987 ,0.0 
609692549615 ,0.0 
610205244493 ,0.0 
613270179725 ,0.0 
613399475238 ,0.0 
613026726381 ,0.0 
609464540123 ,0.0 
609957638081 ,5.0 
612502440089 ,0.0 
614091724360 ,0.0 
609695166214 ,0.0 
613882007518 ,0.0 
612727624857 ,0.0 
611393501735 ,0.0 
597934779275 ,0.0 
609863770812 ,0.0 
609934064012 ,0.0 
611919249175 ,0.0 
610882300069 ,4.9 
611864403337 ,0.0 
613422709597 ,0.0 
613626624557 ,0.0 
614054599615 ,0.0 
612719466338 ,0.0 
612550502872 ,0.0 
613004657659 ,4.7 
613437012472 ,0.0 
613233306211 ,0.0 
612189244955 ,4.9 
610786255412 ,0.0 
611333707453 ,0.0 
611299131514 ,0.0 
608468672643 ,0.0 
612889270797 ,0.0 
612743932383 ,0.0 
612705764305 ,0.0 
610507615368 ,0.0 
607444141830 ,0.0 
611144602504 ,0.0 
610636384476 ,0.0 
612457345382 ,0.0 
613778475522 ,0.0 
611335534085 ,0.0 
613638027115 ,0.0 
612414003157 ,0.0 
612769124709 ,0.0 
613038769411 ,0.0 
608994771417 ,0.0 
610411172131 ,0.0 
614273438576 ,0.0 
614437657585 ,0.0 
614773543027 ,0.0 
614525882488 ,0.0 
613401688438 ,0.0 
613103378006 ,0.0 
613079766476 ,0.0 
610624258769 ,0.0 
611367970366 ,0.0 
610891757349 ,0.0 
613434510247 ,0.0 
612669346307 ,0.0 
610782435709 ,0.0 
612306729122 ,0.0 
612411109008 ,0.0 
613137713801 ,4.8 
612514293987 ,0.0 
613977827353 ,0.0 
613622435150 ,0.0 
612137040787 ,0.0 
613643379689 ,0.0 
613120536384 ,0.0 
610041391219 ,4.7 
613385051523 ,0.0 
613827907307 ,0.0 
612536580914 ,0.0 
613314196561 ,0.0 
609813880941 ,0.0 
607604705305 ,4.7 
615180682021 ,5.0 
611933921486 ,4.7 
611616650595 ,0.0 
613645259754 ,0.0 
611049796116 ,0.0 
610734199381 ,0.0 
611745431459 ,0.0 
613015952209 ,0.0 
613559229905 ,0.0 
612834312068 ,0.0 
609603212942 ,0.0 
611021055255 ,4.9 
612342310842 ,0.0 
608601112375 ,0.0 
613496658071 ,0.0 
612150568812 ,0.0 
608718446229 ,0.0 
612740928774 ,0.0 
613337902339 ,0.0 
613369769728 ,0.0 
612901531965 ,0.0 
612712552408 ,0.0 
612945940634 ,0.0 
611420798246 ,0.0 
613448271400 ,0.0 
611835384670 ,0.0 
613458269955 ,0.0 
613179163247 ,0.0 
611257137232 ,0.0 
612989370640 ,0.0 
609577041369 ,4.9 
612738257854 ,0.0 
612459655787 ,0.0 
612981574684 ,0.0 
613646376006 ,0.0 
612070161931 ,0.0 
613096637487 ,0.0 
613744000207 ,0.0 
614153315640 ,0.0 
611798760105 ,0.0 
614281203514 ,0.0 
612473648218 ,4.9 
612693479707 ,0.0 
613085028100 ,4.9 
613591974349 ,0.0 
611075586586 ,0.0 
612700042371 ,0.0 
613393760637 ,0.0 
613956759509 ,0.0 
611221453832 ,0.0 
614027557392 ,0.0 
613719857709 ,0.0 
609878830340 ,0.0 
613386100075 ,0.0 
612156026466 ,0.0 
613963339139 ,0.0 
609880260430 ,0.0 
610102416046 ,4.8 
611177940797 ,0.0 
605895091185 ,4.8 
584109950308 ,4.8 
606439867773 ,4.8 
579718698456 ,4.8 
596880589421 ,4.8 
595778790675 ,4.8 
579484379629 ,4.8 
589814336859 ,4.8 
605867145401 ,4.8 
601249956166 ,4.8 
589815124915 ,4.8 
603330883901 ,4.8 
606307762219 ,4.8 
602918373522 ,4.8 
599606163169 ,4.8 
606306790423 ,4.8 
581325800445 ,4.8 
606416030588 ,4.7 
601093283698 ,4.8 
587634209193 ,4.7 
587770474543 ,4.7 
600469192419 ,4.7 
591334649816 ,4.7 
606826111503 ,4.8 
591836449314 ,4.8 
603065466810 ,4.8 
603070922282 ,4.8 
594707067027 ,4.8 
603977024994 ,4.8 
601529211359 ,4.8 
604002629541 ,4.8 
604435891699 ,4.8 
602613660417 ,4.8 
572378961872 ,4.8 
595138521958 ,4.9 
583857290585 ,4.8 
601193437344 ,4.8 
601947776190 ,4.7 
605220092080 ,4.8 
598989878930 ,4.7 
602103931887 ,4.7 
594834276618 ,4.8 
595165531751 ,4.7 
598968975540 ,4.8 
605187452799 ,4.8 
578963996425 ,4.7 
599176795701 ,4.7 
598079959720 ,4.8 
602067209326 ,4.8 
590267526173 ,4.8 
606698659201 ,4.8 
606698603103 ,4.9 
590116209156 ,4.9 
603349755585 ,4.9 
596729266914 ,4.8 
602870347707 ,0.0 
577400653501 ,0.0 
597099815632 ,0.0 
603431311170 ,0.0 
603233422328 ,0.0 
589243480435 ,4.7 
585802338391 ,4.5 
599829862971 ,4.6 
580554957514 ,4.8 
580518146805 ,4.7 
592778092780 ,4.8 
585962534845 ,4.8 
600248714385 ,4.6 
589608474764 ,4.9 
594918667914 ,4.8 
603404163683 ,4.7 
609925117832 ,0.0 
602867019653 ,4.8 
594387510987 ,4.8 
598405105909 ,4.8 
600630289146 ,4.8 
602672386900 ,4.8 
602221212439 ,4.8 
598173320467 ,4.8 
600395804755 ,4.7 
606547898634 ,4.8 
603406096611 ,4.8 
594817537179 ,4.8 
587523975245 ,4.8 
606175613258 ,0.0 
579010942668 ,0.0 
600459664758 ,0.0 
590275747995 ,4.9 
583757936542 ,4.8 
583623315376 ,4.8 
598871730706 ,4.8 
590114029936 ,4.8 
592586712479 ,4.8 
588955671199 ,4.8 
597365051399 ,4.8 
605713239492 ,4.8 
602931201625 ,4.8 
602933385048 ,4.8 
607682499832 ,4.6 
594178871770 ,4.8 
601187411082 ,4.8 
601188351187 ,4.8 
601903805660 ,4.8 
594381462179 ,4.8 
601717764536 ,4.8 
599174235207 ,4.8 
603146402060 ,4.8 
604849700751 ,4.8 
599251658651 ,4.8 
603423355248 ,0.0 
590278142933 ,0.0 
589331951524 ,0.0 
602696113654 ,0.0 
604690243814 ,0.0 
602410648647 ,0.0 
606330455617 ,4.8 
580095168538 ,4.6 
587669146980 ,0.0 
593789939883 ,0.0 
603379756093 ,4.9 
581503149824 ,0.0 
583026070754 ,0.0 
590088124996 ,0.0 
603648926177 ,0.0 
577319591382 ,4.7 
600453936466 ,4.6 
594483517224 ,4.8 
606216644305 ,4.5 
605356954379 ,4.8 
586990891308 ,4.8 
538473991555 ,4.9 
593754689015 ,4.6 
587350693016 ,4.8 
600835332437 ,4.7 
545565157524 ,4.8 
599554694597 ,4.7 
558713788428 ,4.8 
596739705277 ,4.8 
581069938481 ,4.9 
591691144250 ,4.6 
600577900102 ,4.8 
605806892174 ,4.8 
595262415127 ,4.8 
600535492623 ,4.7 
606628286183 ,4.7 
596737365736 ,4.7 
606689067508 ,4.9 
600662536849 ,4.7 
591690892079 ,4.7 
601208607524 ,4.8 
548502351118 ,4.7 
560196706618 ,4.8 
594377129959 ,4.8 
589895024356 ,4.8 
605952666666 ,4.6 
595680209391 ,4.9 
569197783158 ,4.7 
596822551576 ,4.7 
603594857712 ,4.7 
595450372736 ,4.7 
601073285695 ,4.7 
596759790994 ,4.8 
600812401687 ,4.8 
605258024154 ,4.8 
588101099155 ,4.8 
600500244402 ,4.7 
606336930383 ,4.7 
580815288979 ,4.8 
606091351302 ,4.8 
589821884061 ,4.6 
600748141691 ,4.8 
558760911386 ,4.8 
595339359312 ,4.7 
605474353994 ,4.7 
606810779719 ,4.7 
593728159569 ,4.8 
600515172115 ,4.9 
559341435090 ,4.7 
601003334765 ,4.7 
595676993523 ,4.8 
603151906782 ,4.7 
606335538954 ,4.6 
579077518939 ,4.7 
605266093334 ,4.8 
558795008831 ,4.8 
601782484701 ,4.8 
603132282455 ,4.7 
581814996027 ,4.8 
605258110430 ,4.7 
557009773803 ,4.8 
602661042379 ,4.8 
601280079090 ,4.8 
558922247805 ,4.7 
604019075950 ,4.7 
595221700418 ,4.8 
602210068322 ,4.7 
597959222026 ,4.8 
605029777149 ,4.7 
598859725972 ,4.7 
605898887026 ,4.8 
602550240817 ,4.7 
602537381835 ,4.7 
606561847730 ,4.7 
602537381835 ,4.7 
606561847730 ,4.7 
602550240817 ,4.7 
600327444304 ,4.7 
596027855274 ,4.8 
594550727241 ,4.6 
577383278492 ,4.7 
602933389089 ,4.8 
589387914103 ,4.6 
605929355645 ,4.7 
601280139630 ,4.8 
574927110874 ,4.7 
602294780884 ,4.8 
601328288287 ,4.8 
605650160812 ,4.7 
602218552877 ,0.0 
596980323741 ,4.9 
599371329304 ,4.8 
605401152595 ,4.8 
597372375502 ,4.8 
602326107567 ,4.8 
604016799564 ,4.8 
598397825578 ,4.7 
589853695819 ,4.8 
590104434779 ,4.7 
583609948262 ,4.8 
594074216188 ,4.8 
605943470549 ,4.8 
591368197223 ,4.9 
598233830105 ,4.9 
590623831744 ,4.8 
583798691878 ,4.8 
605697045254 ,4.8 
590104822476 ,4.9 
605000978480 ,4.7 
596043553603 ,4.8 
601441892479 ,4.8 
590473850037 ,4.8 
594755332067 ,4.8 
599370729502 ,4.9 
597370423433 ,4.9 
601705180999 ,4.8 
606214314932 ,4.8 
579707586653 ,4.9 
599370729502 ,4.9 
597370423433 ,4.9 
597884604806 ,4.8 
596753542423 ,4.8 
606120485730 ,4.8 
603390923160 ,4.8 
606379797462 ,4.8 
602977913980 ,4.8 
604172103016 ,4.9 
599136632587 ,4.7 
605631409348 ,4.8 
579756397540 ,4.7 
581820524699 ,4.8 
589888236524 ,4.7 
596888637027 ,4.8 
590093154917 ,4.7 
602657574303 ,4.6 
602354241358 ,4.8 
594630755804 ,4.8 
576042384184 ,4.8 
602206696207 ,4.6 
603654548995 ,4.7 
599059093213 ,4.7 
595385720645 ,4.7 
597953958336 ,4.7 
603383755524 ,4.6 
606180057517 ,4.8 
605740140291 ,4.8 
596494401494 ,4.7 
583171884087 ,4.7 
594980577008 ,4.8 
588713641269 ,4.8 
570349630875 ,4.4 
605454289853 ,4.7 
591946501811 ,4.8 
602373886064 ,4.8 
606179965663 ,4.7 
601476909967 ,4.7 
579695002844 ,4.7 
574343232384 ,4.6 
605892197001 ,4.7 
596273155602 ,4.6 
583861849952 ,4.8 
605974438299 ,4.8 
603536435945 ,4.7 
602206696207 ,4.6 
603654548995 ,4.7 
599059093213 ,4.7 
595385720645 ,4.7 
597953958336 ,4.7 
603383755524 ,4.6 
606180057517 ,4.8 
597982761514 ,4.8 
603184326880 ,4.7 
571130654900 ,4.5 
579217538083 ,4.8 
606072309485 ,4.8 
602449029784 ,4.7 
590417359554 ,4.7 
584255695266 ,4.7 
603344130012 ,4.6 
601682533735 ,4.8 
594654728260 ,4.7 
605887255644 ,4.7 
605744524322 ,4.8 
585974335257 ,4.7 
602657606206 ,4.6 
600709413722 ,0.0 
595632782403 ,4.8 
602341011992 ,4.8 
590369630043 ,4.8 
602437354445 ,4.8 
606758450203 ,4.8 
602802912288 ,4.8 
589999716686 ,4.8 
588744988537 ,4.8 
599893069805 ,4.8 
598842974300 ,4.8 
583636920196 ,4.8 
596755240648 ,4.8 
597205354437 ,4.8 
601458728211 ,4.8 
606493803593 ,4.8 
584257401824 ,4.8 
594586045834 ,4.8 
607173967753 ,4.8 
591318577774 ,4.8 
601838990993 ,5.0 
601838090579 ,5.0 
599344747555 ,5.0 
596252230931 ,4.8 
603113389815 ,4.6 
603887457923 ,5.0 
591587786320 ,4.9 
590419327446 ,4.9 
605862856155 ,4.8 
579916083323 ,4.8 
606549427701 ,4.9 
602245572037 ,5.0 
601683572984 ,4.7 
602527579351 ,4.0 
605987801333 ,5.0 
604253093435 ,4.9 
601459311894 ,4.9 
599597059320 ,4.8 
585332498151 ,4.9 
602206856401 ,4.8 
589927988315 ,4.8 
603453183395 ,4.8 
602657222957 ,4.8 
590609473879 ,5.0 
538692407145 ,4.6 
592139509248 ,4.3 
603841290366 ,4.8 
603119153507 ,4.7 
558762359613 ,4.7 
607121282887 ,4.7 
607335259037 ,4.8 
603121421215 ,4.8 
556788927363 ,4.6 
602657142857 ,4.6 
602858459541 ,4.7 
594406273308 ,4.9 
587782291512 ,4.9 
589896400267 ,4.8 
606458641072 ,4.7 
558329899099 ,4.7 
606205016023 ,4.5 
589900132070 ,4.7 
602062493977 ,4.7 
593554689437 ,5.0 
603340282807 ,4.5 
558329899099 ,4.7 
606205016023 ,4.5 
589900132070 ,4.7 
602062493977 ,4.7 
593554689437 ,5.0 
603340282807 ,4.5 
599262986396 ,4.9 
604623731152 ,4.8 
596650540744 ,4.7 
603183206089 ,4.8 
603259634522 ,4.6 
599755983867 ,4.8 
563868403395 ,4.7 
597167702182 ,4.8 
588527310171 ,4.8 
601687396494 ,4.6 
598984819817 ,4.8 
584775433462 ,4.8 
574446014619 ,4.6 
602860028390 ,4.7 
606329203603 ,4.7 
606904437357 ,4.9 
606515783374 ,4.9 
606240542952 ,5.0 
574065563835 ,4.8 
590272418486 ,4.7 
601550952403 ,0.0 
596126230623 ,4.8 
605649256403 ,4.9 
606501391910 ,4.8 
595788307031 ,4.8 
595612582212 ,4.7 
588357320945 ,4.8 
579684298078 ,4.8 
604853284728 ,4.8 
601755994066 ,4.8 
602774989212 ,4.7 
602522681520 ,4.6 
594968797672 ,4.8 
605929644945 ,4.8 
598100878246 ,4.8 
599251006737 ,4.9 
595049670213 ,4.9 
603178562256 ,4.8 
602325494693 ,4.8 
605878409937 ,4.8 
599251458150 ,4.9 
594876441480 ,4.8 
602618770018 ,4.8 
582287662212 ,4.8 
606477002685 ,4.9 
603021638855 ,4.8 
606083340560 ,4.7 
596606737197 ,4.8 
596576052248 ,4.8 
600541432827 ,4.9 
598805635561 ,4.8 
584194847566 ,4.8 
596344998640 ,4.6 
594927875402 ,4.7 
594357744322 ,4.8 
596608669610 ,4.8 
599336791884 ,4.8 
579844755381 ,4.8 
598971768852 ,4.8 
574764595043 ,4.7 
601887182999 ,4.8 
596719833626 ,4.8 
596623653267 ,4.8 
577715885080 ,4.8 
592794106739 ,4.8 
599373473454 ,4.7 
604383994588 ,4.8 
606087864185 ,4.8 
596887991598 ,4.7 
592804922821 ,4.8 
602147114133 ,4.7 
603452395413 ,4.7 
606984614687 ,4.6 
581904106670 ,4.8 
598767340468 ,4.9 
602334178172 ,4.7 
600996460916 ,4.8 
596377916375 ,4.8 
601948456558 ,4.8 
602545567989 ,4.6 
599211472602 ,4.8 
568258139518 ,4.5 
596606737197 ,4.8 
596976903938 ,4.8 
606242686220 ,4.8 
598486851652 ,4.8 
605518789583 ,4.8 
595464637191 ,4.8 
605747170153 ,4.8 
601378225099 ,4.8 
613765069191 ,0.0 
602852163914 ,0.0 
605633417168 ,4.8 
558329943240 ,4.8 
538273506984 ,4.5 
605896804542 ,4.9 
597902842717 ,4.8 
606368702638 ,4.9 
592224055990 ,4.9 
598193663144 ,4.9 
597220338257 ,4.8 
573941426243 ,4.8 
595851877903 ,4.8 
598907046469 ,4.9 
596959709203 ,4.9 
583485678683 ,4.8 
605390488648 ,4.8 
605035405027 ,4.8 
603192746300 ,4.8 
597483148595 ,4.8 
602130066304 ,4.9 
589299597926 ,4.7 
595121582754 ,4.8 
595235864684 ,4.8 
605896880760 ,4.9 
601550007207 ,4.9 
605645484987 ,4.8 
605448309418 ,4.7 
606635275642 ,5.0 
589278673247 ,4.8 
600933006447 ,4.8 
591463742699 ,4.8 
606068301968 ,4.8 
599565706289 ,4.8 
572698161581 ,4.9 
601599439234 ,4.8 
595851877903 ,4.8 
598907046469 ,4.9 
596959709203 ,4.9 
583485678683 ,4.8 
605390488648 ,4.8 
605035405027 ,4.8 
603192746300 ,4.8 
597483148595 ,4.8 
602130066304 ,4.9 
589299597926 ,4.7 
595121582754 ,4.8 
595235864684 ,4.8 
605896880760 ,4.9 
601550007207 ,4.9 
605645484987 ,4.8 
605448309418 ,4.7 
606635275642 ,5.0 
589278673247 ,4.8 
600933006447 ,4.8 
591463742699 ,4.8 
606068301968 ,4.8 
599565706289 ,4.8 
572698161581 ,4.9 
601599439234 ,4.8 
599115855085 ,4.9 
594674300180 ,4.8 
589285201922 ,4.8 
600048162919 ,4.6 
606322771431 ,4.8 
605637560007 ,4.8 
594346956862 ,4.7 
589514660182 ,4.7 
602466373693 ,4.8 
603846152418 ,4.7 
598006496764 ,5.0 
602478735641 ,4.8 
556958174158 ,4.7 
605449113892 ,4.8 
592693037820 ,4.8 
598003098665 ,4.8 
597902602064 ,4.7 
603081466797 ,4.8 
602868917547 ,4.8 
598025540331 ,4.9 
588200612780 ,5.0 
602918813539 ,4.9 
607428467822 ,4.7 
606986769221 ,4.8 
596750675359 ,4.7 
599108744600 ,4.8 
576304458649 ,4.8 
596727778311 ,4.8 
571351200304 ,4.7 
602150162426 ,4.8 
601184126884 ,4.9 
584795770342 ,4.8 
588559726788 ,4.7 
585752593429 ,4.8 
590041827255 ,4.9 
585543462943 ,4.8 
602463673056 ,4.8 
603179198549 ,4.8 
606292310279 ,4.7 
589818436254 ,4.8 
584205008854 ,4.7 
594642157000 ,4.8 
590035741514 ,4.8 
587065424860 ,4.8 
577947379715 ,4.7 
578170495555 ,4.8 
603360720689 ,4.9 
602221660312 ,4.9 
577950907330 ,4.7 
577700457182 ,4.8 
538199675058 ,4.6 
579457824263 ,4.8 
579123288161 ,4.8 
580458173198 ,4.7 
579767086802 ,4.8 
606241138896 ,4.9 
602973425447 ,4.8 
603599341921 ,5.0 
603187202582 ,4.8 
606456411888 ,4.8 
603360468141 ,5.0 
602669134298 ,4.9 
581378328837 ,4.7 
597493332924 ,4.8 
558745036029 ,4.7 
600656024862 ,4.9 
599062237750 ,4.9 
584808546952 ,4.4 
587931874091 ,5.0 
595681542534 ,4.7 
602202802377 ,4.9 
579308409549 ,4.7 
589109999473 ,4.9 
602910841936 ,4.8 
598358883934 ,4.7 
602727344203 ,4.8 
605854718956 ,4.8 
599565266109 ,4.9 
606141561884 ,4.8 
558837233162 ,4.9 
607139080486 ,4.8 
606081631201 ,4.7 
600881016503 ,4.7 
606476054980 ,4.6 
602323099116 ,4.8 
590350923681 ,4.8 
601816601080 ,4.8 
594300021141 ,4.8 
602909085750 ,4.7 
605893837448 ,4.9 
577830662050 ,4.7 
602673920329 ,4.5 
577831558245 ,4.7 
538286972599 ,4.3 
589291209369 ,4.8 
603135670695 ,4.9 
603347128840 ,4.9 
589727756261 ,4.8 
590204706135 ,4.8 
592475519353 ,4.8 
605046517320 ,4.8 
582136358827 ,4.8 
606068471673 ,4.8 
583787643044 ,4.7 
599099355026 ,4.9 
598118641792 ,4.8 
596870999418 ,4.8 
603818626284 ,4.9 
605891668832 ,4.8 
538205102033 ,4.6 
595517555173 ,4.9 
584717308684 ,4.8 
597818773138 ,4.6 
600818100867 ,4.7 
603600545922 ,5.0 
603760715636 ,4.8 
604190550160 ,4.9 
604190110986 ,4.7 
577294133849 ,4.3 
606390254392 ,4.8 
602449841431 ,4.6 
601880374387 ,4.8 
603537339684 ,4.6 
603747512053 ,4.9 
600027749415 ,4.5 
604849440485 ,3.6 
594885499772 ,5.0 
602802874719 ,4.8 
589331500596 ,4.8 
579539915315 ,4.8 
602852751740 ,4.8 
580331410790 ,4.7 
606213496852 ,4.5 
597817937195 ,4.4 
603558030883 ,4.7 
603121014984 ,4.6 
604011252210 ,4.8 
604473070237 ,4.8 
604045015221 ,4.7 
603557618387 ,4.7 
598146515057 ,4.8 
603983533835 ,4.8 
602978262605 ,4.7 
602206692818 ,4.7 
603760395077 ,0.0 
602206940397 ,4.7 
602667612655 ,4.6 
581448577480 ,4.6 
597532612525 ,4.3 
577416718045 ,4.5 
596376291103 ,4.8 
598196871089 ,4.9 
598196871089 ,4.9 
602805898198 ,4.7 
602003363782 ,4.8 
601407951453 ,4.5 
580003475920 ,4.8 
594538521978 ,4.8 
579572344102 ,4.7 
588076570218 ,4.9 
601013769680 ,4.7 
601600550437 ,4.8 
586990613098 ,4.5 
605226777118 ,4.9 
605415897888 ,0.0 
606398801141 ,4.7 
602875751602 ,0.0 
597767294546 ,4.8 
606327519832 ,0.0 
587278857515 ,0.0 
596982441856 ,0.0 
606408420778 ,0.0 
592964621255 ,0.0 
602728884080 ,4.9 
594564381853 ,4.9 
599058354919 ,4.9 
605633376954 ,4.9 
606855702310 ,0.0 
604681526213 ,0.0 
605457149353 ,4.8 
605017504782 ,4.9 
600169520353 ,4.8 
598278970241 ,4.8 
606138413915 ,4.8 
602108383906 ,4.8 
599608336127 ,4.7 
606521803176 ,4.8 
583729969559 ,4.8 
605860890007 ,4.8 
602284222891 ,4.8 
591096776335 ,4.8 
601683117327 ,4.8 
594618163781 ,4.8 
600966876404 ,4.7 
595124882942 ,4.8 
596069150506 ,4.8 
605477484596 ,4.8 
600765904708 ,0.0 
606905979874 ,4.8 
601369912835 ,4.8 
587367232737 ,0.0 
602587749290 ,4.6 
601121590378 ,0.0 
606142592141 ,4.7 
602290314632 ,0.0 
610600628819 ,0.0 
598178574834 ,4.7 
613233282102 ,0.0 
603594465809 ,4.7 
563982581047 ,4.9 
563685679074 ,4.9 
600150191110 ,0.0 
605906705309 ,4.7 
599629833589 ,4.7 
605734597120 ,4.8 
579623699524 ,4.8 
576793268677 ,4.8 
605683078960 ,4.8 
601481516534 ,4.8 
598332699918 ,4.7 
605639504115 ,4.8 
604391494522 ,0.0 
605392100847 ,5.0 
604509555601 ,4.8 
603400983914 ,4.9 
602025676270 ,4.8 
601915223137 ,4.9 
602232748948 ,0.0 
603816038752 ,0.0 
585241267088 ,4.8 
600598617634 ,4.8 
606524331004 ,4.9 
587867668195 ,0.0 
603394538984 ,0.0 
601556901430 ,4.7 
602443512524 ,4.8 
605883866340 ,4.7 
606084408495 ,4.8 
603043645199 ,4.8 
598280214139 ,4.8 
601526037041 ,4.8 
606520519993 ,4.8 
607616555417 ,4.9 
596911405592 ,4.8 
596702591644 ,4.6 
601280550497 ,0.0 
603221375058 ,0.0 
578555577697 ,0.0 
594041178829 ,0.0 
588242289676 ,4.7 
576065047395 ,4.8 
569966140756 ,4.6 
606769443360 ,4.8 
598897238065 ,0.0 
564009584955 ,4.9 
522900342691 ,4.8 
595029159607 ,4.8 
592644700580 ,4.7 
596133878731 ,4.9 
577485989656 ,4.8 
578144351222 ,4.6 
593823894230 ,5.0 
537659955795 ,4.9 
543988442607 ,4.9 
603487927552 ,0.0 
603355343815 ,0.0 
604051748124 ,0.0 
602224443288 ,0.0 
601103947294 ,0.0 
606670270933 ,4.9 
602137677950 ,4.6 
599313433180 ,0.0 
606789235071 ,4.8 
598697814641 ,0.0 
604490474103 ,0.0 
603535874815 ,0.0 
604772308470 ,4.9 
605068567561 ,4.9 
605414166786 ,0.0 
592947920226 ,4.6 
601138373389 ,5.0 
579570500489 ,4.8 
578384634003 ,3.6 
602739948605 ,5.0 
600424855333 ,5.0 
601947369186 ,4.9 
601318922890 ,5.0 
604915730460 ,4.6 
577931348854 ,3.5 
602741392477 ,0.0 
561939762393 ,5.0 
598982344464 ,5.0 
578104281845 ,5.0 
564055370298 ,4.6 
602594792515 ,5.0 
563878112640 ,3.8 
606301235942 ,5.0 
603342345744 ,4.7 
601697624017 ,4.7 
588727008326 ,5.0 
594294461484 ,5.0 
594467878968 ,4.6 
594097311160 ,4.0 
605468103182 ,4.8 
605258562309 ,4.8 
607231702614 ,4.8 
596503904593 ,4.8 
606542806880 ,0.0 
559424243953 ,5.0 
606445319860 ,5.0 
606578168451 ,4.8 
604850728955 ,5.0 
615023145380 ,0.0 
613584782272 ,0.0 
615511967024 ,0.0 
614758208500 ,0.0 
612186653254 ,4.3 
614772569185 ,0.0 
614492680237 ,0.0 
615424415550 ,0.0 
614493216720 ,0.0 
614946489893 ,0.0 
580461201260 ,5.0 
595940001108 ,3.0 
602707688792 ,0.0 
605928924454 ,4.6 
593828178982 ,3.8 
606698238682 ,5.0 
607474242828 ,4.7 
606479328362 ,4.8 
607413478548 ,5.0 
588087135101 ,5.0 
598198713237 ,5.0 
606514449490 ,1.0 
606260020584 ,5.0 
606827865813 ,4.8 
586689601770 ,4.9 
605120827602 ,5.0 
605123663747 ,0.0 
603266579194 ,4.8 
604065426587 ,4.4 
594783036892 ,0.0 
578081432289 ,1.0 
604063171435 ,4.7 
600932362045 ,4.6 
606548818492 ,4.4 
602151230456 ,4.9 
605131269640 ,0.0 
597950776981 ,3.6 
597868323558 ,4.0 
606881743899 ,4.6 
606476946014 ,5.0 
605637032291 ,4.8 
607282530172 ,0.0 
606697402004 ,4.5 
604176119694 ,4.7 
606689687408 ,4.9 
605312074724 ,5.0 
601158668966 ,4.7 
602210806267 ,4.8 
602934951592 ,0.0 
602963473391 ,4.8 
588556242967 ,5.0 
590289783670 ,4.8 
604062895608 ,4.0 
597660619397 ,5.0 
579414962730 ,4.5 
589752160266 ,4.6 
558846814250 ,4.5 
581317104697 ,4.6 
601705292958 ,5.0 
606680716899 ,5.0 
606680716899 ,5.0 
606958732571 ,4.9 
601947341236 ,4.8 
607344961594 ,5.0 
597357251317 ,5.0 
602550498377 ,0.0 
602529692919 ,5.0 
605133777902 ,5.0 
597260980281 ,0.0 
607576998399 ,4.3 
600082695367 ,4.9 
586726635621 ,0.0 
606678594030 ,0.0 
600424799345 ,5.0 
593172029002 ,5.0 
603857146881 ,0.0 
600301118036 ,0.0 
601949329040 ,5.0 
607806391558 ,4.8 
606305909029 ,0.0 
596627673640 ,4.7 
599308612381 ,0.0 
595155435528 ,0.0 
604066131234 ,0.0 
604063387274 ,5.0 
607564531652 ,5.0 
606098334859 ,5.0 
606304737089 ,0.0 
600040161633 ,0.0 
600802058569 ,4.0 
596099779714 ,5.0 
603265747721 ,4.9 
607789575437 ,0.0 
607576478433 ,0.0 
604062683880 ,4.5 
579786170380 ,4.8 
577502983385 ,4.8 
599274962840 ,4.0 
603561506030 ,5.0 
602573566435 ,4.8 
558763531511 ,5.0 
601374824106 ,5.0 
602529924571 ,5.0 
606308275122 ,4.3 
604470956638 ,0.0 
594220295402 ,0.0 
602587253816 ,5.0 
597530988505 ,4.2 
602529600044 ,0.0 
586564534753 ,0.0 
601699217849 ,5.0 
594979622431 ,0.0 
599377701211 ,0.0 
602099952157 ,5.0 
606756903926 ,0.0 
603643201959 ,5.0 
599696061973 ,4.8 
600610969422 ,0.0 
585151100642 ,0.0 
600425323202 ,0.0 
604887300867 ,4.8 
597677962855 ,0.0 
607576694045 ,5.0 
606529150332 ,5.0 
607561983085 ,3.8 
596635877541 ,5.0 
607789987217 ,5.0 
600042473574 ,0.0 
606885438688 ,0.0 
605623612271 ,5.0 
600240022435 ,5.0 
607790479251 ,5.0 
594003407335 ,5.0 
603404740297 ,0.0 
593436644428 ,3.5 
597530067075 ,5.0 
600483699905 ,0.0 
601115749558 ,5.0 
602342764672 ,4.0 
593336950210 ,5.0 
597496713315 ,5.0 
605026932087 ,0.0 
606236699720 ,4.9 
595513356384 ,5.0 
597868627818 ,4.5 
605883633065 ,5.0 
606139683043 ,4.6 
599466448658 ,5.0 
605883985361 ,0.0 
602095859854 ,0.0 
599739910322 ,0.0 
600367980191 ,3.5 
596394452660 ,4.8 
606072536323 ,0.0 
603069558771 ,5.0 
606864464764 ,5.0 
607089288131 ,5.0 
606053104554 ,0.0 
586217040161 ,0.0 
597868115059 ,0.0 
607105704579 ,5.0 
600426455763 ,0.0 
596685304829 ,0.0 
593436196486 ,5.0 
603641817835 ,0.0 
603404484263 ,0.0 
595154623118 ,0.0 
595919354871 ,4.7 
606886206921 ,0.0 
607345529253 ,5.0 
593430892597 ,3.0 
600645290981 ,0.0 
600098957964 ,5.0 
600425775172 ,3.0 
594000143691 ,4.8 
605623280814 ,0.0 
607791203796 ,5.0 
607091064028 ,5.0 
586717119475 ,0.0 
602151490136 ,5.0 
595744433565 ,5.0 
606406068722 ,5.0 
600376760683 ,0.0 
602529708980 ,0.0 
596992203944 ,5.0 
593171425842 ,5.0 
606868004326 ,0.0 
597169842494 ,5.0 
606305505361 ,0.0 
601903534297 ,5.0 
597261536120 ,0.0 
597867443974 ,5.0 
606053624152 ,0.0 
600039653276 ,5.0 
599308652346 ,0.0 
605873529100 ,0.0 
605564075644 ,5.0 
600099753092 ,5.0 
602151378259 ,5.0 
607345673739 ,0.0 
596099407478 ,5.0 
600796978365 ,5.0 
600484251169 ,0.0 
602550506362 ,5.0 
597260708904 ,5.0 
606677838965 ,0.0 
606305265524 ,0.0 
599761299046 ,0.0 
600242590624 ,0.0 
605870505230 ,0.0 
601901266768 ,0.0 
606054124165 ,0.0 
603644457890 ,5.0 
586431705410 ,0.0 
596627909608 ,0.0 
605564295434 ,5.0 
606095234559 ,5.0 
594581880863 ,5.0 
597261256022 ,0.0 
607576014956 ,5.0 
602856225780 ,0.0 
607347422834 ,0.0 
603181111229 ,5.0 
597144038690 ,5.0 
600425255274 ,0.0 
602595239769 ,0.0 
600083187257 ,4.7 
600243010625 ,5.0 
606401165320 ,4.7 
600241470545 ,5.0 
603403284266 ,5.0 
600083279093 ,5.0 
604887560472 ,5.0 
605845108372 ,0.0 
600040865217 ,0.0 
599866312545 ,0.0 
599866312545 ,0.0 
602614716011 ,5.0 
606063744511 ,0.0 
606098326305 ,5.0 
599740206068 ,0.0 
606741751268 ,0.0 
607098171128 ,5.0 
596990709307 ,0.0 
607346313041 ,5.0 
600985503168 ,0.0 
593435704462 ,5.0 
597496977083 ,0.0 
586217036241 ,0.0 
607790083760 ,5.0 
605873817136 ,5.0 
607575058324 ,5.0 
602100188217 ,5.0 
601458800112 ,0.0 
607347806330 ,0.0 
600190484585 ,0.0 
602615880660 ,3.0 
599696645346 ,3.2 
602530164082 ,0.0 
605564579646 ,0.0 
606971226005 ,4.6 
597496737622 ,5.0 
596991987903 ,5.0 
601768137857 ,0.0 
606209656084 ,4.8 
590092766082 ,5.0 
605880634568 ,4.9 
589963769460 ,4.9 
605924770914 ,5.0 
601696093293 ,5.0 
607655039931 ,5.0 
607782099815 ,4.9 
607550531224 ,0.0 
595755745779 ,0.0 
585496898539 ,0.0 
579818896254 ,0.0 
579372672399 ,0.0 
602401248568 ,0.0 
585081285871 ,0.0 
608047793668 ,0.0 
603430291134 ,0.0 
610998663450 ,0.0 
612542903814 ,4.5 
603232706412 ,0.0 
609354261183 ,4.9 
611706672375 ,4.8 
598662525386 ,0.0 
602114465039 ,4.9 
603517582333 ,0.0 
609473777477 ,0.0 
603014667825 ,0.0 
606490400121 ,4.8 
607356434668 ,0.0 
610732449778 ,0.0 
603149166006 ,0.0 
610638602003 ,0.0 
583659282524 ,4.8 
602127869317 ,4.8 
612492211538 ,0.0 
611372471688 ,0.0 
579038020005 ,4.7 
576391747329 ,0.0 
614525982249 ,0.0 
613809838706 ,0.0 
605227493332 ,4.8 
612834871253 ,0.0 
606078063444 ,0.0 
602846029772 ,0.0 
612757655784 ,4.6 
606623248700 ,0.0 
610143755703 ,4.7 
607180791832 ,4.9 
609680724031 ,0.0 
605631189272 ,4.6 
611853957486 ,4.9 
610765783813 ,0.0 
589029754366 ,4.8 
609576785903 ,4.9 
605605334288 ,4.9 
601559461797 ,0.0 
604688064770 ,0.0 
579495448493 ,0.0 
602441900244 ,0.0 
595697906672 ,0.0 
599348927607 ,4.9 
612527366818 ,0.0 
604045623058 ,4.9 
598467893505 ,0.0 
612054947887 ,4.9 
610834387846 ,4.5 
612734516116 ,0.0 
601035099478 ,0.0 
612909119146 ,0.0 
610482805495 ,0.0 
610652022826 ,0.0 
587460717060 ,0.0 
592327488334 ,0.0 
613952959021 ,0.0 
613900229980 ,0.0 
610467216924 ,4.9 
599449511364 ,4.9 
605388224915 ,4.7 
599837577084 ,0.0 
590295274584 ,4.8 
602305525138 ,4.9 
612985205880 ,0.0 
609879045878 ,0.0 
599063833752 ,4.8 
605506447718 ,4.9 
604003553588 ,0.0 
600043598807 ,4.9 
603355176400 ,4.9 
587966192574 ,0.0 
606617860117 ,0.0 
598154519731 ,0.0 
605642497678 ,0.0 
602558100123 ,0.0 
610344138109 ,4.9 
601462927479 ,4.9 
605323002243 ,0.0 
605468988821 ,0.0 
613473167748 ,0.0 
608069023286 ,0.0 
584475082432 ,0.0 
611633050234 ,0.0 
606313717396 ,0.0 
608806824961 ,0.0 
608807696959 ,0.0 
579143485578 ,0.0 
607726082648 ,0.0 
601661970879 ,0.0 
579288175079 ,0.0 
612071523812 ,0.0 
601399537643 ,0.0 
614225126169 ,0.0 
612368594416 ,0.0 
612459905690 ,0.0 
609406011189 ,0.0 
605358514534 ,0.0 
607201123560 ,0.0 
606509092582 ,0.0 
613661646632 ,0.0 
589674597834 ,4.8 
579665797169 ,4.9 
608835766251 ,4.7 
605655309021 ,4.8 
606505824267 ,0.0 
589418068757 ,4.6 
602076563424 ,4.8 
612300662889 ,0.0 
611973613346 ,0.0 
610975618075 ,0.0 
605646704213 ,4.9 
580023912711 ,4.6 
613402226603 ,0.0 
607237115571 ,0.0 
597043321959 ,4.7 
612453624915 ,0.0 
598611040873 ,0.0 
607000761950 ,0.0 
613768221588 ,0.0 
612743875277 ,0.0 
608369580418 ,0.0 
606643999196 ,0.0 
610585371410 ,0.0 
577148644416 ,0.0 
612129540921 ,0.0 
605101949120 ,0.0 
608699434158 ,0.0 
610072871777 ,4.9 
613612025892 ,0.0 
613075830364 ,0.0 
602675690281 ,0.0 
609191016362 ,4.9 
611676687729 ,0.0 
602990998702 ,0.0 
606639309172 ,0.0 
608293596019 ,0.0 
609984502103 ,0.0 
613404407346 ,0.0 
577518094619 ,4.6 
603341127102 ,0.0 
602630294789 ,0.0 
610192978593 ,4.9 
591713937412 ,4.8 
613967696988 ,0.0 
613467478033 ,0.0 
602680234509 ,0.0 
612225218690 ,0.0 
595137446097 ,4.7 
606948223522 ,0.0 
609215040247 ,0.0 
601049180874 ,0.0 
611613232125 ,4.9 
613122806967 ,0.0 
607970334539 ,4.7 
611483411580 ,0.0 
603153417980 ,0.0 
578898483172 ,0.0 
610276381437 ,0.0 
580223125785 ,4.8 
609542720699 ,0.0 
605966682561 ,4.7 
609973569141 ,0.0 
614440237499 ,5.0 
611586788220 ,4.7 
577671402076 ,4.8 
612270021240 ,4.9 
608308056892 ,0.0 
610733589859 ,0.0 
606670981061 ,0.0 
604110633180 ,0.0 
609608493599 ,4.9 
613378575486 ,0.0 
608883499318 ,0.0 
587807176897 ,0.0 
611371257005 ,0.0 
588640043022 ,4.8 
598443100151 ,4.8 
607172571267 ,0.0 
610733948639 ,0.0 
602867215246 ,0.0 
609089874484 ,4.9 
607493741818 ,0.0 
610544433416 ,4.9 
579979867107 ,0.0 
580470827020 ,4.7 
587340049817 ,4.7 
602964217722 ,4.9 
594059328779 ,0.0 
608481736689 ,0.0 
610515424768 ,0.0 
596172254910 ,4.8 
595400464302 ,0.0 
599064857242 ,4.8 
605740142354 ,0.0 
614088553898 ,0.0 
597216658885 ,4.8 
601808811547 ,0.0 
610869614101 ,0.0 
607059935677 ,0.0 
587267763747 ,0.0 
602465709828 ,0.0 
581162130253 ,4.8 
591491765150 ,0.0 
597607140902 ,0.0 
611998176551 ,4.9 
609080391641 ,0.0 
610945529044 ,0.0 
610966576679 ,0.0 
608546102800 ,0.0 
613318690775 ,4.8 
612010480324 ,0.0 
611103838311 ,0.0 
606821117106 ,4.8 
611648810212 ,4.8 
601611063315 ,4.8 
603850792796 ,0.0 
610184066304 ,0.0 
603353284103 ,4.9 
589167467915 ,4.9 
603508351116 ,0.0 
605741616108 ,4.9 
603835282542 ,0.0 
611952659209 ,0.0 
602004093769 ,0.0 
603354288998 ,4.9 
601163650325 ,0.0 
603159298408 ,0.0 
605931084194 ,4.8 
603358103583 ,0.0 
612149190057 ,0.0 
596864506699 ,4.8 
549694731354 ,4.7 
585627051274 ,4.7 
611148729402 ,0.0 
612805479068 ,0.0 
613120406529 ,0.0 
601949916753 ,0.0 
613011850812 ,0.0 
602806054131 ,0.0 
611240429342 ,0.0 
610019132371 ,0.0 
604525191863 ,0.0 
612636344377 ,4.9 
598794816984 ,0.0 
589445139924 ,0.0 
604230458215 ,0.0 
598568220514 ,0.0 
609350248735 ,4.9 
599561201195 ,4.7 
613438083364 ,4.8 
604903472903 ,0.0 
587920803401 ,0.0 
606575951871 ,4.8 
601410214156 ,0.0 
598197001585 ,0.0 
607912571279 ,0.0 
608672293997 ,0.0 
603846240776 ,0.0 
591595064118 ,0.0 
606469727926 ,0.0 
611657180799 ,4.9 
599288641834 ,4.8 
599288641834 ,4.8 
607187241297 ,0.0 
610482535546 ,4.8 
595937495985 ,0.0 
603646356445 ,0.0 
603666566874 ,0.0 
592742493504 ,4.8 
603491656649 ,0.0 
600893146556 ,0.0 
579824298175 ,4.8 
609638037722 ,0.0 
580911720208 ,4.7 
613769022753 ,0.0 
588554984615 ,4.8 
609706708787 ,4.7 
610333947229 ,0.0 
611202532902 ,0.0 
613402184281 ,0.0 
607364732019 ,0.0 
609908206862 ,4.9 
601635769772 ,0.0 
613525929782 ,4.8 
594792249721 ,0.0 
597744475935 ,0.0 
608663672879 ,4.6 
602387052996 ,0.0 
611942837391 ,0.0 
614016631948 ,0.0 
608201770140 ,4.8 
603414619923 ,4.9 
579916243560 ,0.0 
602966725487 ,4.8 
612375472649 ,0.0 
611153110551 ,0.0 
612171955044 ,0.0 
596582270470 ,0.0 
602521723729 ,4.8 
603598165669 ,4.9 
579477268190 ,0.0 
609574364083 ,0.0 
588125837122 ,0.0 
604301431855 ,4.8 
603276911316 ,0.0 
593331854986 ,4.8 
613057925832 ,0.0 
603124478325 ,4.9 
609436899530 ,0.0 
604016739358 ,4.9 
609122469306 ,0.0 
605895087952 ,4.8 
604320814948 ,0.0 
611702762073 ,0.0 
605343342435 ,0.0 
603386287702 ,0.0 
612126242530 ,4.8 
597860161806 ,4.8 
610912497749 ,0.0 
610063493024 ,5.0 
610346922065 ,4.8 
597658519847 ,0.0 
611098188468 ,4.7 
609846906362 ,4.9 
603009990743 ,0.0 
613088486395 ,0.0 
614652926964 ,0.0 
599742051676 ,4.8 
613906731384 ,0.0 
603376075864 ,0.0 
611737509470 ,0.0 
602770196055 ,0.0 
608038352129 ,0.0 
598365887964 ,0.0 
606955868502 ,4.7 
608743138342 ,0.0 
613010694711 ,4.8 
603988289704 ,0.0 
609795960544 ,0.0 
613625844213 ,4.9 
601655969743 ,0.0 
608505804183 ,4.8 
591301080458 ,0.0 
603252774206 ,4.9 
608580211639 ,0.0 
604274397637 ,0.0 
588995566912 ,4.9 
602967009870 ,4.9 
606423928103 ,4.9 
611190872340 ,0.0 
614075091914 ,0.0 
612324246480 ,0.0 
612320278099 ,0.0 
600792404275 ,0.0 
613911981210 ,0.0 
583648092552 ,4.8 
602981745874 ,0.0 
597935133356 ,0.0 
599611988224 ,4.9 
602456694662 ,0.0 
601044302524 ,0.0 
612171547356 ,0.0 
607691396559 ,4.9 
580952113032 ,4.8 
611246671102 ,0.0 
590962550717 ,0.0 
602248185923 ,0.0 
602726800665 ,0.0 
609135218415 ,0.0 
612780963416 ,0.0 
599158969470 ,4.8 
587420916951 ,0.0 
605473140763 ,0.0 
613252586512 ,0.0 
605509887574 ,0.0 
581082621210 ,0.0 
609392671848 ,4.8 
606976171484 ,4.8 
606237507591 ,0.0 
608990999570 ,0.0 
612928412713 ,0.0 
598787555027 ,4.8 
599500845043 ,0.0 
611423007721 ,0.0 
614105922571 ,0.0 
605480530089 ,4.9 
573598239147 ,0.0 
612564901488 ,0.0 
594284717516 ,0.0 
557351647338 ,4.8 
603355215028 ,0.0 
608556629461 ,0.0 
609133907694 ,0.0 
611996620326 ,4.7 
607734766917 ,4.9 
589909425466 ,0.0 
607100742148 ,0.0 
578073839177 ,0.0 
608895930279 ,0.0 
595109213375 ,4.7 
603929930326 ,0.0 
597113977064 ,0.0 
604699155725 ,0.0 
596518993005 ,0.0 
601269106462 ,4.8 
610510558414 ,0.0 
612365299195 ,0.0 
610605819131 ,0.0 
597165711896 ,4.8 
591737364185 ,0.0 
602211197867 ,0.0 
611405975292 ,4.9 
602462325434 ,0.0 
609620103799 ,4.8 
600546371815 ,0.0 
598661320133 ,4.8 
613732679166 ,0.0 
612718541731 ,0.0 
601485188069 ,0.0 
602537249579 ,0.0 
614175400112 ,0.0 
611242981089 ,0.0 
603426867707 ,0.0 
613998982638 ,5.0 
597100888101 ,4.7 
609676233361 ,4.6 
602991938575 ,4.8 
607536045604 ,0.0 
610837163203 ,0.0 
612124638845 ,0.0 
600080216230 ,0.0 
613910350395 ,5.0 
609801817237 ,4.8 
610982413488 ,0.0 
606914103985 ,4.9 
610743973871 ,0.0 
605740770086 ,4.8 
595324684783 ,0.0 
606010956173 ,0.0 
604769968882 ,0.0 
570078812459 ,0.0 
611975737523 ,5.0 
613482617113 ,0.0 
613836327138 ,0.0 
601708768279 ,0.0 
571156703673 ,0.0 
612031997933 ,0.0 
595471421398 ,4.8 
611140427590 ,0.0 
604144345136 ,4.8 
594769322139 ,0.0 
593639794556 ,0.0 
613065563206 ,0.0 
577649707068 ,0.0 
603143378174 ,0.0 
613430019648 ,0.0 
594310925835 ,0.0 
613697968775 ,0.0 
597329088813 ,0.0 
606616075559 ,0.0 
614011515060 ,0.0 
574103493121 ,0.0 
606231749307 ,4.8 
605249486924 ,0.0 
603409199039 ,4.9 
591824021182 ,0.0 
607906801377 ,0.0 
581648474321 ,0.0 
603349507530 ,0.0 
611192431816 ,0.0 
586594168121 ,4.8 
609839484907 ,4.9 
612784708553 ,0.0 
603194956680 ,0.0 
597598650482 ,0.0 
614017261244 ,0.0 
612056881330 ,0.0 
609608261952 ,4.9 
608933435683 ,0.0 
598826028182 ,0.0 
559247157991 ,0.0 
594180860842 ,4.8 
607479257893 ,0.0 
602593835125 ,0.0 
614075922648 ,5.0 
612298565298 ,4.5 
610821404261 ,0.0 
601098053083 ,4.9 
599947082308 ,0.0 
597230159339 ,0.0 
608085840726 ,0.0 
612892613196 ,0.0 
602485156397 ,0.0 
603601161255 ,4.9 
613798184179 ,0.0 
605502679466 ,0.0 
594442614813 ,4.7 
609134515786 ,4.7 
609981283253 ,0.0 
606754324545 ,0.0 
602991921829 ,0.0 
610699912459 ,0.0 
604040272668 ,0.0 
604520123754 ,4.9 
600164240806 ,4.8 
612520643571 ,4.8 
603495707002 ,4.9 
606087960945 ,0.0 
613732966186 ,0.0 
606156472499 ,0.0 
610870627581 ,0.0 
605335295491 ,0.0 
585009009539 ,0.0 
603058579600 ,0.0 
607090246577 ,4.8 
608892971117 ,0.0 
578008861965 ,0.0 
596144587232 ,0.0 
564182348561 ,4.9 
609819505676 ,4.7 
569908725221 ,0.0 
603380640172 ,4.8 
605114437662 ,0.0 
611480034349 ,0.0 
608445928547 ,0.0 
580859207686 ,0.0 
602725132019 ,4.9 
613796439779 ,0.0 
607277751836 ,4.7 
603231106362 ,0.0 
610188756619 ,4.7 
602206880255 ,0.0 
602689726442 ,0.0 
602244323910 ,0.0 
612010429170 ,0.0 
589023493462 ,0.0 
613569550723 ,5.0 
610556927608 ,0.0 
606104520335 ,4.8 
610606688893 ,0.0 
607179849018 ,0.0 
599793473965 ,0.0 
610048096533 ,4.8 
605880423301 ,0.0 
593752979618 ,0.0 
613914534307 ,0.0 
606499802160 ,0.0 
605642191285 ,4.7 
602005040511 ,0.0 
603641941845 ,4.9 
602851809368 ,0.0 
608703986259 ,0.0 
572438709584 ,0.0 
610202068965 ,0.0 
590416290453 ,0.0 
607956673190 ,0.0 
603379648238 ,4.9 
606562922655 ,0.0 
614017711695 ,0.0 
605638276238 ,4.8 
609204323960 ,0.0 
614105807172 ,0.0 
576268009898 ,4.8 
608419139724 ,4.8 
611414043640 ,0.0 
610185372308 ,4.7 
597491700999 ,0.0 
609845378553 ,4.8 
607506761497 ,4.9 
605261790213 ,0.0 
607298067453 ,4.8 
605768780743 ,4.8 
593305523406 ,4.8 
596913343242 ,4.8 
594840679252 ,0.0 
613080838425 ,0.0 
614640703368 ,5.0 
611564293830 ,5.0 
597558339902 ,0.0 
570361283128 ,4.7 
608642484322 ,4.9 
609588368796 ,0.0 
609090707216 ,4.8 
610660735130 ,4.9 
587952510369 ,0.0 
610344514257 ,4.9 
613146977037 ,0.0 
568250808541 ,0.0 
606337190887 ,4.8 
589888764331 ,4.8 
582700068998 ,0.0 
597906982645 ,4.8 
602184031337 ,4.8 
592147840101 ,0.0 
606914261831 ,0.0 
612187456095 ,0.0 
596789238666 ,4.8 
609344500777 ,4.9 
587357706119 ,0.0 
608432664416 ,0.0 
604231641292 ,4.8 
601121814549 ,4.9 
587877115558 ,0.0 
613547346850 ,0.0 
602522439719 ,4.8 
577733866116 ,4.8 
597953860986 ,4.8 
584516823510 ,0.0 
590585208069 ,0.0 
601766037613 ,0.0 
613812684738 ,0.0 
613706741149 ,0.0 
609486965616 ,0.0 
611713550886 ,0.0 
590219133475 ,0.0 
611964368212 ,4.9 
606872340849 ,0.0 
605575827614 ,0.0 
589575309283 ,4.7 
607168805701 ,0.0 
584183853389 ,0.0 
594378952177 ,0.0 
614114503292 ,0.0 
605430006153 ,0.0 
601440596909 ,4.9 
611940307451 ,0.0 
600471949472 ,0.0 
608155748857 ,0.0 
612644791043 ,0.0 
576485597821 ,0.0 
604336926684 ,0.0 
606360854861 ,4.9 
596258724966 ,4.7 
602890247262 ,0.0 
579776310956 ,0.0 
578704869428 ,0.0 
583054846025 ,0.0 
602051874718 ,0.0 
602872967440 ,0.0 
592406932329 ,0.0 
596349619670 ,4.8 
587542489510 ,4.8 
605038657521 ,4.9 
612514038714 ,4.5 
610560514604 ,0.0 
613911417663 ,0.0 
583650463607 ,0.0 
606069861581 ,0.0 
602975665896 ,0.0 
603194470280 ,0.0 
613229427541 ,0.0 
588387578729 ,0.0 
604921432197 ,4.8 
603018697362 ,0.0 
613061478128 ,0.0 
606196839074 ,4.7 
613747752464 ,5.0 
598598143894 ,4.8 
613677043064 ,0.0 
603188830389 ,4.8 
609007146673 ,4.8 
613407332226 ,0.0 
600894229179 ,4.9 
582692504600 ,0.0 
610833039383 ,0.0 
609439449615 ,4.8 
612195635132 ,0.0 
612099381666 ,0.0 
607733162943 ,4.9 
607979723222 ,4.9 
605827069406 ,0.0 
576818238141 ,0.0 
609510032338 ,4.9 
583485706974 ,4.8 
611388650331 ,0.0 
613915976330 ,5.0 
609250696541 ,0.0 
611421535214 ,0.0 
606965943702 ,0.0 
612809540435 ,0.0 
596025797774 ,0.0 
612513208428 ,0.0 
610989429529 ,4.8 
602695718954 ,0.0 
611114527070 ,0.0 
613545638781 ,0.0 
602996213640 ,0.0 
610500103072 ,0.0 
612067535743 ,0.0 
611757949754 ,0.0 
603813114863 ,0.0 
609842572618 ,4.8 
603469667239 ,0.0 
603391303352 ,0.0 
608938089170 ,0.0 
572348852181 ,0.0 
613678783647 ,0.0 
606349066172 ,0.0 
613503716874 ,0.0 
602360351713 ,0.0 
608302836352 ,0.0 
591216664212 ,4.7 
591679001172 ,0.0 
600882812084 ,4.8 
610432640313 ,0.0 
602938993025 ,0.0 
600744926757 ,0.0 
613663379111 ,0.0 
605397620390 ,4.7 
595307515527 ,0.0 
601206189895 ,4.8 
612264639876 ,0.0 
608807231386 ,0.0 
573092162626 ,0.0 
606428359488 ,4.8 
602248626072 ,0.0 
609825640338 ,0.0 
597968354958 ,4.8 
597213248538 ,0.0 
607759839186 ,0.0 
610843626705 ,0.0 
604402639892 ,4.8 
611826465875 ,0.0 
604469478290 ,0.0 
604036721609 ,4.8 
599490495912 ,0.0 
597289079311 ,0.0 
600398937776 ,4.6 
597150542663 ,0.0 
606914719155 ,0.0 
614739795727 ,0.0 
603385275042 ,4.7 
595845991638 ,0.0 
605272811028 ,0.0 
581231338340 ,4.7 
611835941864 ,4.9 
601068372373 ,0.0 
609145685271 ,0.0 
547369739515 ,4.9 
592773842688 ,4.8 
574302060674 ,0.0 
601668471597 ,0.0 
614065563592 ,0.0 
611413666388 ,0.0 
613274437376 ,4.9 
613457957040 ,0.0 
605257954522 ,0.0 
597010257383 ,0.0 
609846106368 ,4.9 
592162273738 ,0.0 
596910146235 ,0.0 
592235141625 ,0.0 
613425684241 ,0.0 
603935166346 ,4.8 
599074185052 ,4.7 
612476611134 ,0.0 
602778256451 ,0.0 
607639126704 ,0.0 
601476541029 ,4.7 
610338668378 ,0.0 
599353589125 ,0.0 
601069049692 ,0.0 
591451461093 ,0.0 
611873565487 ,4.9 
610440776000 ,0.0 
606271353538 ,0.0 
603724612491 ,0.0 
587788859468 ,0.0 
567743057596 ,0.0 
601988696420 ,4.7 
610556310281 ,0.0 
613154837139 ,0.0 
611611163669 ,0.0 
613995678560 ,0.0 
603387583356 ,0.0 
613544890347 ,0.0 
602995725693 ,4.9 
577990763616 ,4.6 
614127510328 ,0.0 
606249009270 ,0.0 
606163489911 ,0.0 
610257134752 ,4.9 
609969070145 ,0.0 
582648155079 ,0.0 
604466927221 ,0.0 
609895447546 ,0.0 
611408285955 ,4.9 
611546227852 ,4.8 
612975584321 ,0.0 
582591539433 ,0.0 
605695507349 ,4.9 
579212074023 ,0.0 
589354326883 ,0.0 
601472168173 ,0.0 
613718089405 ,0.0 
607159190603 ,4.9 
604317858777 ,0.0 
591830419836 ,0.0 
611771612802 ,0.0 
594058996157 ,4.8 
601364169244 ,0.0 
592659502154 ,0.0 
585460093628 ,0.0 
613637210976 ,0.0 
556565993453 ,4.8 
610873069412 ,0.0 
599750219047 ,0.0 
613118680515 ,0.0 
606687714511 ,4.9 
600687773831 ,0.0 
595318659853 ,5.0 
563546950181 ,4.5 
605648917192 ,4.8 
611232435470 ,0.0 
604182225677 ,0.0 
605108214448 ,0.0 
613238642878 ,4.2 
608093471829 ,5.0 
609044299780 ,0.0 
602646322300 ,0.0 
597168238432 ,4.8 
606261448800 ,0.0 
594900277825 ,4.7 
599006368463 ,0.0 
605673815125 ,4.8 
602771075387 ,0.0 
603385883308 ,0.0 
606549735447 ,4.9 
602036554741 ,0.0 
612907777891 ,0.0 
612886781075 ,0.0 
613965422741 ,0.0 
601088485354 ,4.9 
599008957929 ,0.0 
613592382942 ,0.0 
597918151488 ,4.8 
565960592585 ,4.8 
609312508107 ,4.8 
607304824544 ,0.0 
606903548944 ,0.0 
612039510464 ,0.0 
604949068250 ,0.0 
589261579802 ,4.8 
613490705775 ,0.0 
611072169719 ,0.0 
613847087828 ,0.0 
593643997240 ,0.0 
613513517166 ,0.0 
607156120945 ,0.0 
611895807587 ,0.0 
597917419983 ,0.0 
613728099859 ,0.0 
606742587482 ,0.0 
610014925486 ,4.7 
612523034924 ,0.0 
613178469203 ,0.0 
605888337079 ,4.8 
611734656244 ,5.0 
608629997637 ,4.7 
604074194455 ,0.0 
612667054449 ,0.0 
601005643353 ,0.0 
603214899247 ,0.0 
578430044691 ,0.0 
581702604257 ,0.0 
607402187129 ,0.0 
611296652705 ,0.0 
597623902531 ,0.0 
568513972720 ,4.7 
593025007765 ,4.9 
612318103930 ,0.0 
604354983535 ,0.0 
611583621679 ,0.0 
577331105972 ,0.0 
613079388840 ,0.0 
594749963663 ,0.0 
592610519082 ,0.0 
601408962303 ,4.9 
601408962303 ,4.9 
604460688047 ,0.0 
597553494106 ,0.0 
611375305941 ,0.0 
597005661579 ,0.0 
601686281491 ,0.0 
602357237275 ,0.0 
607664351443 ,0.0 
598175868709 ,4.9 
542604586754 ,4.9 
602004184473 ,4.7 
600180111000 ,0.0 
603120802807 ,0.0 
606302683820 ,0.0 
608427148284 ,0.0 
609016771488 ,0.0 
598997076465 ,0.0 
602226959231 ,0.0 
595747157615 ,0.0 
600885957550 ,4.9 
604322997472 ,0.0 
579979367545 ,0.0 
609969221257 ,0.0 
613480599549 ,0.0 
613279586101 ,0.0 
600297898935 ,0.0 
604784648841 ,4.6 
606146691849 ,0.0 
606758414950 ,4.7 
559584428438 ,0.0 
599203023047 ,4.8 
602853191136 ,0.0 
610096306230 ,0.0 
601006982927 ,0.0 
602353534355 ,0.0 
609399377170 ,0.0 
613687387839 ,0.0 
577908750396 ,0.0 
602965845774 ,4.8 
607663891736 ,0.0 
613948458040 ,0.0 
602305020472 ,4.9 
603719483312 ,0.0 
596741939677 ,0.0 
608885327793 ,0.0 
613553733027 ,0.0 
612102634759 ,4.9 
610561337724 ,0.0 
601936004810 ,0.0 
606898591996 ,4.9 
589695352295 ,4.9 
603043157495 ,0.0 
613909349935 ,0.0 
607533409957 ,4.7 
609615731682 ,0.0 
602521631685 ,0.0 
599692092167 ,0.0 
603318291716 ,0.0 
603781028176 ,0.0 
610394495771 ,0.0 
609549264230 ,0.0 
614018971833 ,5.0 
608404924745 ,0.0 
610130417510 ,0.0 
603133450719 ,4.9 
600093103917 ,0.0 
608175636918 ,0.0 
602668489614 ,4.9 
570882130045 ,4.9 
599852666902 ,0.0 
610410883137 ,5.0 
590292114619 ,0.0 
576276067221 ,0.0 
606348590523 ,4.8 
598218015263 ,0.0 
603334703475 ,0.0 
613765849992 ,0.0 
609338249344 ,0.0 
582361147335 ,0.0 
614407123129 ,0.0 
605434546577 ,0.0 
606751548730 ,4.9 
580323868056 ,0.0 
609127794953 ,0.0 
612025848383 ,0.0 
611568635696 ,0.0 
601209635638 ,0.0 
600777409166 ,4.9 
606519151487 ,4.8 
609166242572 ,4.9 
599852362032 ,0.0 
584737388713 ,0.0 
602988898245 ,4.8 
612071151352 ,0.0 
577990607121 ,4.6 
612631372301 ,5.0 
609701365816 ,0.0 
608464457556 ,0.0 
611817416068 ,0.0 
601000989914 ,0.0 
601333458355 ,4.7 
605887222396 ,4.8 
611952271723 ,0.0 
606169979268 ,4.8 
610894155102 ,0.0 
608380160614 ,0.0 
570239775734 ,0.0 
609741593353 ,0.0 
607109826904 ,4.8 
607643098122 ,0.0 
609184502281 ,0.0 
606666852324 ,5.0 
560805725128 ,0.0 
601681585574 ,4.7 
571754416423 ,0.0 
604192938369 ,0.0 
608487749951 ,0.0 
553170745158 ,4.8 
613734146304 ,0.0 
612716556563 ,0.0 
590353154056 ,0.0 
559115116718 ,4.9 
585612202360 ,0.0 
592404479648 ,0.0 
612186830400 ,4.9 
590105218488 ,4.9 
611166625887 ,0.0 
581743784715 ,0.0 
561778415523 ,0.0 
601692945920 ,0.0 
612768203445 ,0.0 
605636048256 ,4.8 
609534055778 ,4.8 
598706719256 ,4.8 
605198725620 ,0.0 
579109363753 ,4.7 
601256406049 ,4.8 
592275918094 ,4.7 
611585640729 ,0.0 
608607039042 ,0.0 
596578606338 ,0.0 
606746768874 ,0.0 
613195583397 ,0.0 
600536264851 ,0.0 
576636317478 ,0.0 
592368082555 ,0.0 
600508949253 ,0.0 
592662290329 ,4.9 
605178841047 ,0.0 
606474046744 ,4.7 
572927990308 ,4.8 
606550211279 ,4.9 
579872118462 ,0.0 
571833078657 ,4.9 
613882687636 ,5.0 
594897614211 ,0.0 
593581282942 ,0.0 
595733173928 ,0.0 
609840416617 ,4.8 
601891568250 ,4.7 
601330937094 ,4.5 
602623133540 ,0.0 
599873216653 ,0.0 
604633063783 ,0.0 
610047352791 ,4.8 
604603655821 ,0.0 
611564705033 ,4.8 
600332621512 ,4.7 
614188378791 ,5.0 
611040306646 ,4.8 
609748810037 ,0.0 
612845298711 ,0.0 
612041375188 ,0.0 
602754428927 ,4.8 
589429770764 ,0.0 
614318166882 ,0.0 
612458484065 ,0.0 
594830823777 ,4.8 
602815943344 ,0.0 
603318027743 ,4.8 
613687032553 ,0.0 
584311815172 ,4.8 
608976895436 ,0.0 
614218066326 ,0.0 
611906429330 ,0.0 
612272609839 ,4.8 
558987461103 ,0.0 
602619754629 ,0.0 
608836106535 ,4.9 
608771752537 ,0.0 
601957299597 ,4.7 
597988975250 ,0.0 
611118639129 ,0.0 
613192566441 ,0.0 
607830198479 ,0.0 
596739709106 ,0.0 
610233898357 ,0.0 
601209502639 ,0.0 
609521743155 ,0.0 
599440602166 ,0.0 
607377091442 ,4.8 
603578798403 ,0.0 
601837858669 ,4.8 
610504658325 ,0.0 
603652132789 ,4.8 
601712456459 ,4.7 
603256186736 ,4.8 
604854208346 ,0.0 
568497637828 ,0.0 
594140492161 ,4.9 
613775501087 ,0.0 
577385166471 ,0.0 
609073606856 ,0.0 
610343698478 ,4.8 
602678280988 ,4.9 
581821788115 ,4.8 
578588915935 ,4.8 
603159574465 ,0.0 
607403098573 ,4.7 
614388683038 ,0.0 
614388683038 ,0.0 
602750126244 ,4.9 
557450779552 ,4.8 
609749973447 ,0.0 
596790862061 ,0.0 
613699362872 ,5.0 
613832833608 ,0.0 
611237391023 ,0.0 
582663087069 ,4.8 
602771888197 ,0.0 
614009287664 ,4.4 
613303583583 ,4.8 
606141401499 ,4.8 
608473784084 ,0.0 
603993820621 ,0.0 
600759156958 ,0.0 
612881111904 ,0.0 
601112416846 ,0.0 
610145479761 ,0.0 
613727335547 ,4.9 
610912577388 ,0.0 
603185161552 ,0.0 
609936634337 ,0.0 
603273325740 ,4.8 
609290199660 ,0.0 
604851788514 ,0.0 
590201967138 ,0.0 
603254755979 ,0.0 
605655022746 ,4.8 
609164752183 ,4.8 
613400990519 ,0.0 
603037497194 ,4.9 
606533920738 ,4.8 
605630439915 ,0.0 
611713818617 ,0.0 
604263893320 ,0.0 
603682140145 ,0.0 
609851818465 ,4.8 
597269067872 ,0.0 
591590761384 ,0.0 
596541029069 ,0.0 
572902876666 ,4.9 
611111703816 ,4.6 
614293379661 ,0.0 
596148953206 ,4.8 
611540525134 ,0.0 
614044857583 ,0.0 
576811419194 ,0.0 
579290362101 ,0.0 
612551172009 ,4.8 
570977586955 ,0.0 
577451279006 ,0.0 
610828706693 ,4.6 
602248126782 ,0.0 
605299262417 ,0.0 
606254386358 ,0.0 
588527135452 ,0.0 
601904320708 ,0.0 
606578215738 ,4.8 
611557489909 ,0.0 
587586383412 ,0.0 
601697025363 ,4.7 
605757472942 ,0.0 
601018870537 ,0.0 
585514273361 ,4.8 
592230995079 ,0.0 
607835551697 ,0.0 
601946285534 ,4.8 
613779098538 ,0.0 
590256514016 ,0.0 
613223435696 ,4.9 
603325813413 ,0.0 
612201516950 ,0.0 
612494171299 ,0.0 
590942263431 ,4.9 
613253482820 ,4.9 
600451880225 ,0.0 
603155822222 ,0.0 
611314870919 ,0.0 
603888325339 ,0.0 
613688739168 ,0.0 
605118263785 ,4.8 
613059661038 ,4.7 
612961826413 ,0.0 
612841905792 ,0.0 
576260648859 ,0.0 
610074015839 ,0.0 
608777817111 ,0.0 
613952794797 ,0.0 
613321670300 ,0.0 
613318300029 ,0.0 
607396394959 ,0.0 
612164895516 ,0.0 
584209123660 ,0.0 
608618509554 ,4.7 
609197904932 ,0.0 
593399360508 ,0.0 
613383501862 ,0.0 
598467120588 ,0.0 
608241962728 ,0.0 
612207248134 ,0.0 
609868729606 ,0.0 
604863186366 ,0.0 
603136275076 ,0.0 
614899639841 ,0.0 
606808874717 ,0.0 
607343421546 ,0.0 
612568516299 ,0.0 
610062514164 ,4.9 
612247132802 ,0.0 
570903871170 ,0.0 
607560254738 ,5.0 
608236297045 ,0.0 
603125107404 ,0.0 
612049933554 ,0.0 
610213540945 ,0.0 
607900368391 ,0.0 
588703394201 ,0.0 
611011467341 ,4.9 
600058193403 ,0.0 
609731173868 ,4.9 
614403730663 ,0.0 
606286730622 ,0.0 
611194019815 ,0.0 
612569025157 ,0.0 
599428433598 ,4.7 
604062271707 ,4.9 
606347634701 ,4.9 
605509004652 ,0.0 
597963476712 ,0.0 
612805160392 ,0.0 
591498814286 ,4.8 
577529835812 ,0.0 
601862704028 ,4.7 
610590168766 ,4.7 
582992012974 ,0.0 
607054852257 ,0.0 
600088831636 ,4.7 
602976769785 ,0.0 
590255629155 ,4.7 
608821930178 ,0.0 
597856605386 ,4.6 
567007221442 ,0.0 
611247797556 ,4.9 
613959787306 ,0.0 
613203684410 ,5.0 
602223240113 ,0.0 
609808036037 ,4.7 
613237350014 ,4.5 
608510545068 ,0.0 
605259917261 ,0.0 
602693190811 ,0.0 
574212815831 ,0.0 
571430388374 ,0.0 
589017806242 ,4.9 
608670700773 ,4.8 
612462963535 ,0.0 
606456015098 ,4.9 
610532907225 ,4.7 
609795200019 ,0.0 
602111112752 ,4.9 
598131763498 ,4.8 
590292975705 ,0.0 
613467177370 ,0.0 
603342623025 ,4.9 
594484088624 ,4.9 
613242849747 ,0.0 
613823320678 ,0.0 
602802164620 ,0.0 
591924628263 ,0.0 
562790277461 ,0.0 
601756203350 ,0.0 
600335598951 ,0.0 
611931772993 ,0.0 
595370409704 ,4.7 
582271875079 ,4.9 
607738438281 ,0.0 
609192272670 ,0.0 
601954196519 ,4.9 
611920244969 ,0.0 
612361730097 ,0.0 
605150813658 ,4.8 
613880255025 ,0.0 
612008818825 ,0.0 
610162924853 ,0.0 
594619511989 ,4.7 
612297180377 ,4.9 
604231857443 ,4.9 
612476019211 ,0.0 
609398475878 ,4.7 
610533303600 ,0.0 
610280301498 ,0.0 
606450373438 ,4.9 
613478497080 ,0.0 
613393954285 ,0.0 
601383984151 ,0.0 
601476321131 ,4.8 
601887990578 ,4.7 
610655870997 ,4.7 
602626324687 ,0.0 
577400685342 ,0.0 
609372004859 ,0.0 
600988492559 ,5.0 
610163072919 ,0.0 
605275834012 ,0.0 
606766495318 ,4.5 
593762261298 ,4.8 
596844870415 ,0.0 
607825270917 ,4.7 
577777777158 ,0.0 
610790519643 ,4.6 
565193235785 ,4.8 
603836146131 ,4.9 
604117710283 ,4.9 
574640144196 ,0.0 
603036229740 ,0.0 
610017073653 ,0.0 
602792088382 ,0.0 
607197911034 ,0.0 
603407212886 ,0.0 
608606723196 ,0.0 
592293314685 ,0.0 
599467604283 ,0.0 
602673378494 ,4.7 
611075343376 ,0.0 
612818302940 ,0.0 
583830408981 ,0.0 
605518977444 ,0.0 
613621908643 ,0.0 
604322191258 ,4.8 
611339473741 ,0.0 
610818488475 ,0.0 
593977931510 ,4.8 
612941567287 ,0.0 
613031525960 ,0.0 
598028367734 ,4.8 
609250923264 ,0.0 
592789615359 ,0.0 
601959554547 ,4.9 
579221099327 ,0.0 
587573303130 ,4.7 
580978399870 ,0.0 
576092529481 ,4.8 
611048349316 ,0.0 
603121394730 ,0.0 
575797589070 ,4.8 
565194218762 ,4.8 
584044963188 ,4.8 
612227108557 ,0.0 
611421283658 ,4.8 
581830235757 ,4.7 
610344066689 ,4.9 
613916641578 ,4.9 
604713641477 ,0.0 
606697401298 ,0.0 
577499339981 ,0.0 
611349962668 ,4.9 
599750560967 ,0.0 
611442429292 ,4.9 
606081985284 ,4.8 
601908320478 ,0.0 
590287576420 ,0.0 
612920472782 ,0.0 
593028631362 ,0.0 
601357768929 ,0.0 
606672237166 ,4.8 
585766073008 ,4.8 
592138684923 ,0.0 
577133467672 ,0.0 
602857824129 ,4.9 
613163522972 ,0.0 
592079951434 ,0.0 
577265364456 ,0.0 
610415385899 ,4.8 
612698048199 ,0.0 
599380974878 ,0.0 
612753348215 ,4.7 
605050801191 ,0.0 
591125127891 ,0.0 
601707761520 ,0.0 
613444996004 ,0.0 
608361024607 ,0.0 
606952906520 ,0.0 
600136386539 ,0.0 
611110119003 ,0.0 
607188994468 ,0.0 
603620277690 ,4.9 
598123917179 ,4.8 
597648805601 ,4.8 
581606192695 ,0.0 
595466333504 ,4.7 
611729233362 ,0.0 
591659282733 ,0.0 
610735013850 ,0.0 
591954243632 ,5.0 
603776528628 ,0.0 
604243374753 ,0.0 
602295314726 ,0.0 
614250913129 ,0.0 
559313253274 ,0.0 
572961109695 ,4.8 
609393968541 ,4.9 
609767724735 ,0.0 
603978188699 ,0.0 
602465997174 ,0.0 
601478524790 ,4.8 
591135272189 ,0.0 
573591907589 ,4.8 
573591907589 ,4.8 
591625421064 ,4.8 
613624032149 ,0.0 
609851580266 ,0.0 
606897656004 ,5.0 
602749029535 ,0.0 
613822206285 ,5.0 
601940397423 ,4.6 
612750710874 ,4.7 
607567795429 ,4.8 
586695998576 ,0.0 
610875141490 ,0.0 
612056149759 ,0.0 
610087193970 ,0.0 
602145982271 ,4.9 
603976157998 ,0.0 
610922672735 ,0.0 
613408117917 ,0.0 
605928534662 ,0.0 
602157190281 ,4.8 
603012029112 ,0.0 
609988346889 ,0.0 
606154220932 ,0.0 
611735572754 ,5.0 
613031198938 ,0.0 
611549435193 ,4.7 
602754140552 ,0.0 
612569804107 ,0.0 
577115972182 ,0.0 
597329879643 ,0.0 
608489139837 ,4.7 
613513441074 ,0.0 
612009769453 ,0.0 
603933488013 ,0.0 
610012788802 ,0.0 
599944328418 ,0.0 
602842894608 ,0.0 
606786216810 ,0.0 
614424866538 ,0.0 
593099860587 ,0.0 
606539016131 ,0.0 
607644686227 ,0.0 
613610183190 ,0.0 
607707794550 ,0.0 
602056135899 ,0.0 
613395122741 ,0.0 
610042866017 ,0.0 
595918322072 ,0.0 
604230177096 ,0.0 
599609716149 ,0.0 
611983708515 ,0.0 
606170587974 ,4.9 
589105407777 ,0.0 
607388297826 ,0.0 
608683976789 ,4.9 
613231197139 ,0.0 
599245424922 ,0.0 
600874953724 ,0.0 
603173649601 ,0.0 
601296886931 ,0.0 
613123309346 ,5.0 
613509495787 ,0.0 
605712016008 ,4.9 
578012807554 ,0.0 
613142009691 ,0.0 
608190182475 ,0.0 
610158130037 ,0.0 
606627799317 ,0.0 
580727935267 ,0.0 
597549045791 ,0.0 
605740068926 ,4.7 
608659261789 ,4.7 
613367799222 ,0.0 
598176454143 ,0.0 
605458393151 ,4.8 
563857257544 ,4.8 
609177058110 ,4.9 
603858537313 ,0.0 
613481703254 ,0.0 
602171420336 ,0.0 
602633131231 ,0.0 
584827004773 ,0.0 
610687447043 ,0.0 
606573999443 ,4.9 
609078287885 ,0.0 
611952747136 ,0.0 
584337010504 ,0.0 
602865435756 ,0.0 
602865435756 ,0.0 
613670109496 ,0.0 
578756500769 ,0.0 
592286249207 ,0.0 
579079137380 ,4.6 
596612549961 ,0.0 
604887224951 ,4.7 
592505595723 ,0.0 
605566612979 ,0.0 
605213905611 ,0.0 
595149286455 ,0.0 
570362331877 ,4.7 
571826263441 ,4.6 
613325050544 ,0.0 
605321538995 ,4.9 
605898636263 ,0.0 
607741166630 ,4.9 
574469322839 ,0.0 
612283665272 ,0.0 
612054353711 ,0.0 
605196425306 ,0.0 
613844597236 ,0.0 
606271864817 ,0.0 
609954668989 ,0.0 
608979755291 ,0.0 
606668732691 ,0.0 
610734686143 ,0.0 
610054674078 ,0.0 
605529226581 ,4.9 
577380410305 ,0.0 
609487844464 ,0.0 
601125154741 ,4.9 
612740473916 ,0.0 
598129331905 ,4.7 
614270523442 ,0.0 
613420617260 ,4.4 
607254480201 ,0.0 
612477627489 ,4.9 
614695926466 ,0.0 
614474087732 ,0.0 
601906301162 ,0.0 
578781776327 ,0.0 
610647382280 ,0.0 
571301298218 ,4.8 
612874932265 ,0.0 
597046148729 ,4.8 
596021099481 ,0.0 
603210226135 ,4.8 
591804177483 ,0.0 
596345273449 ,0.0 
611202688804 ,0.0 
602866882977 ,0.0 
614448942599 ,0.0 
610212924047 ,0.0 
601088994464 ,4.8 
603700897769 ,0.0 
613371531111 ,0.0 
608406367882 ,0.0 
613057923201 ,4.8 
581517902623 ,0.0 
602473793194 ,0.0 
613229244732 ,0.0 
577699890961 ,0.0 
594876457516 ,4.9 
597272393202 ,0.0 
613208382767 ,0.0 
588923644042 ,4.8 
581395646673 ,0.0 
611245774465 ,0.0 
608789441198 ,0.0 
613725585113 ,0.0 
593584214056 ,0.0 
602726140126 ,0.0 
606770367567 ,0.0 
596871803040 ,0.0 
574324534152 ,4.8 
610260771107 ,0.0 
601809297328 ,0.0 
587261754274 ,0.0 
611902006286 ,0.0 
613380441988 ,0.0 
603152819138 ,0.0 
596789141632 ,0.0 
608293282995 ,0.0 
612872604375 ,0.0 
598502318935 ,0.0 
597068748268 ,0.0 
591515048457 ,0.0 
605642913901 ,4.9 
606029017362 ,4.9 
583217842104 ,0.0 
608507492980 ,0.0 
609668052487 ,0.0 
614028882594 ,0.0 
606868968480 ,4.7 
613360878481 ,0.0 
596336308450 ,4.8 
601467865545 ,4.8 
605816764441 ,0.0 
612275218726 ,5.0 
603895620493 ,4.8 
604451126025 ,4.7 
606862454676 ,0.0 
596631288310 ,0.0 
605704811477 ,0.0 
606751064080 ,4.8 
584469259086 ,4.6 
606045996680 ,4.8 
562800697398 ,4.7 
575535747217 ,0.0 
577986469541 ,5.0 
593148392995 ,0.0 
584390973920 ,0.0 
579167017002 ,4.8 
552899200927 ,0.0 
603774792800 ,4.8 
605630129463 ,0.0 
601000626308 ,4.7 
610722536737 ,0.0 
581987914524 ,0.0 
610873860295 ,0.0 
594735080627 ,0.0 
565357484922 ,0.0 
606146269514 ,0.0 
567366906935 ,0.0 
604761897021 ,0.0 
610737755613 ,0.0 
561402804322 ,4.7 
612116934823 ,0.0 
610139389762 ,0.0 
590037557111 ,0.0 
610573739706 ,4.9 
604951344893 ,0.0 
605882626581 ,4.9 
613483889781 ,0.0 
613405348985 ,0.0 
605191395850 ,4.7 
587603978718 ,0.0 
602170184527 ,4.9 
604044711005 ,4.9 
607225355313 ,0.0 
605928062871 ,0.0 
592767404429 ,0.0 
577405457020 ,0.0 
574415851243 ,4.8 
597528927672 ,4.9 
588800337475 ,0.0 
579682694473 ,4.7 
598871399395 ,0.0 
595409649425 ,0.0 
604013553394 ,0.0 
578002591903 ,0.0 
609671519450 ,0.0 
608372278320 ,0.0 
612033800606 ,0.0 
602908097751 ,4.7 
607082388325 ,4.8 
610692136750 ,0.0 
585191120534 ,4.9 
558209419167 ,0.0 
604079906236 ,4.7 
613687507963 ,0.0 
588104565032 ,0.0 
541688912442 ,4.8 
609840196080 ,4.8 
597072685328 ,0.0 
614397695971 ,0.0 
602901386575 ,0.0 
594357328291 ,4.8 
600562243379 ,4.7 
612741476694 ,0.0 
607657450177 ,4.8 
563820331553 ,0.0 
603408295999 ,4.9 
613394073734 ,0.0 
608930557412 ,0.0 
613368235455 ,0.0 
575802302849 ,0.0 
607144624121 ,4.8 
578845479692 ,4.8 
599591688679 ,4.8 
578690767492 ,0.0 
607089480420 ,0.0 
612592790480 ,0.0 
603217794611 ,4.9 
579902237799 ,0.0 
600115080112 ,0.0 
610856353005 ,0.0 
579086213251 ,0.0 
576792287391 ,4.8 
573104820894 ,4.8 
610428325502 ,0.0 
599865104121 ,4.7 
610707146172 ,0.0 
608215760434 ,0.0 
594958938139 ,0.0 
612589504125 ,4.7 
604659010918 ,0.0 
589309762269 ,0.0 
599609817002 ,4.9 
606058061097 ,4.9 
607287748177 ,0.0 
609485832523 ,0.0 
610091069343 ,0.0 
609509821909 ,0.0 
612933514775 ,0.0 
609023952325 ,5.0 
599357831503 ,4.7 
576653702113 ,0.0 
610072551692 ,4.9 
602949361265 ,0.0 
602692916719 ,0.0 
584593068473 ,0.0 
613914728943 ,0.0 
588417327225 ,0.0 
610702826428 ,4.4 
603775472111 ,4.8 
602274967252 ,0.0 
610103989916 ,4.8 
606359204075 ,4.9 
610096895650 ,4.7 
601683909251 ,0.0 
590256370554 ,4.9 
611022256197 ,4.8 
609197753112 ,0.0 
601591878532 ,0.0 
603898639538 ,4.8 
602969757222 ,0.0 
607308033848 ,0.0 
603192322989 ,0.0 
605061421754 ,0.0 
613194018804 ,5.0 
578518747719 ,0.0 
605318129563 ,0.0 
603036829009 ,4.9 
614163179933 ,0.0 
613552965773 ,0.0 
598667466323 ,0.0 
614900463971 ,0.0 
590417225898 ,4.8 
580599890407 ,0.0 
577399134484 ,0.0 
613343886662 ,0.0 
607397938620 ,4.8 
605768964646 ,4.8 
610748521197 ,0.0 
583407150763 ,0.0 
591539717400 ,0.0 
593192080383 ,0.0 
580491657016 ,0.0 
579950908573 ,0.0 
583525163915 ,0.0 
606640978313 ,4.9 
608195044837 ,0.0 
605081541237 ,0.0 
602213869772 ,0.0 
604064537641 ,0.0 
591250729073 ,0.0 
613279419982 ,0.0 
594848190645 ,0.0 
606497686479 ,4.8 
603431711899 ,0.0 
613271913539 ,0.0 
606080859175 ,4.9 
597290486855 ,4.8 
605917304953 ,0.0 
596739088217 ,0.0 
602538977194 ,0.0 
610064268374 ,4.9 
606511888888 ,4.9 
603381052515 ,4.8 
612219790183 ,5.0 
612819937498 ,5.0 
607536634883 ,0.0 
608777027707 ,4.9 
602355477443 ,0.0 
611210219659 ,0.0 
598379724959 ,0.0 
601365574093 ,0.0 
610604074128 ,0.0 
611711462515 ,4.6 
614267566549 ,0.0 
590371466090 ,4.8 
609460425587 ,0.0 
595558419843 ,0.0 
602561092318 ,0.0 
560374170693 ,4.6 
606417356027 ,0.0 
606960503877 ,0.0 
614299506955 ,0.0 
606330859706 ,4.9 
608455324962 ,0.0 
580409557748 ,0.0 
601438237385 ,0.0 
604887917461 ,0.0 
609151842431 ,4.8 
603735893113 ,0.0 
596459926437 ,0.0 
601319354646 ,4.8 
612146253142 ,0.0 
613174385454 ,0.0 
580252137232 ,0.0 
610782936649 ,0.0 
611783758997 ,0.0 
602078231806 ,4.8 
603755296872 ,4.8 
604303806693 ,0.0 
612497874394 ,4.9 
605642732602 ,4.9 
588351445268 ,4.9 
596797535728 ,4.5 
587870097067 ,0.0 
610304611023 ,0.0 
605449006588 ,0.0 
612284411069 ,0.0 
602172848275 ,0.0 
598787538966 ,0.0 
606320374287 ,0.0 
603540693592 ,4.9 
589622118278 ,4.5 
582536025331 ,5.0 
579362581128 ,4.8 
604301591029 ,4.8 
608491588498 ,0.0 
607998771808 ,0.0 
611939487803 ,0.0 
602697908023 ,0.0 
613589821323 ,5.0 
602694354358 ,0.0 
611596347102 ,0.0 
597187745770 ,0.0 
603909277688 ,4.9 
602691316066 ,0.0 
605484043006 ,0.0 
611714074231 ,0.0 
613392562121 ,0.0 
613557041031 ,0.0 
586200686048 ,0.0 
590418215750 ,4.8 
603701179940 ,0.0 
564322683288 ,4.9 
614977351464 ,0.0 
613241314223 ,3.5 
580007618654 ,4.8 
613758143040 ,0.0 
612384603583 ,0.0 
603863858297 ,0.0 
606329111506 ,4.9 
605884826286 ,4.7 
603276273864 ,0.0 
613772280922 ,0.0 
590201261175 ,4.9 
613723970260 ,0.0 
607764690209 ,5.0 
608292304788 ,0.0 
602635338546 ,4.8 
602452942812 ,0.0 
603712133706 ,0.0 
602066756972 ,0.0 
586621884572 ,0.0 
604427527635 ,0.0 
612119818961 ,0.0 
613314694128 ,0.0 
595715474212 ,4.9 
605871765817 ,0.0 
599064917672 ,4.8 
596752808656 ,0.0 
596738380274 ,4.8 
606840339865 ,0.0 
611133203697 ,0.0 
611377298577 ,0.0 
611567891404 ,0.0 
555696400634 ,0.0 
584414745039 ,4.8 
610994331775 ,0.0 
608212429766 ,0.0 
603897461971 ,0.0 
596174308486 ,4.7 
595376356673 ,0.0 
613602338242 ,0.0 
592054918536 ,4.6 
607216129656 ,0.0 
603210246367 ,4.8 
613284460979 ,0.0 
607760380890 ,4.9 
601267921538 ,0.0 
587796197725 ,0.0 
602130898214 ,4.9 
602411557156 ,0.0 
611881125364 ,0.0 
596804995407 ,0.0 
606363830112 ,4.9 
613837021774 ,0.0 
606330759042 ,0.0 
610516816956 ,0.0 
614330698822 ,0.0 
613845875575 ,0.0 
609955431986 ,0.0 
609840208810 ,4.9 
602225888189 ,0.0 
605404868007 ,0.0 
605872490621 ,0.0 
613219974884 ,0.0 
599010449090 ,4.7 
613053515268 ,0.0 
606650508293 ,0.0 
612568417180 ,0.0 
607719975632 ,0.0 
609785721759 ,4.9 
598244814504 ,4.8 
606746124867 ,0.0 
607649069988 ,0.0 
601423614599 ,4.9 
595002061501 ,0.0 
595508509652 ,4.7 
566874626021 ,0.0 
595153509741 ,0.0 
611833612406 ,0.0 
611881341211 ,0.0 
605655997517 ,4.8 
605364418712 ,0.0 
574278246278 ,0.0 
610716516610 ,4.4 
612076441241 ,0.0 
603398427536 ,4.8 
600316440330 ,0.0 
612305466514 ,5.0 
576151527010 ,0.0 
613726224158 ,0.0 
598146904058 ,0.0 
579426784655 ,0.0 
605618060449 ,0.0 
597413921800 ,0.0 
611739977413 ,4.8 
613095429389 ,0.0 
611713104915 ,0.0 
586364459879 ,4.8 
607309066031 ,0.0 
609030226807 ,0.0 
613053935400 ,0.0 
613282977077 ,0.0 
581540163172 ,0.0 
608249917959 ,4.9 
602998041400 ,0.0 
606218094413 ,4.9 
611904717494 ,0.0 
606191883973 ,0.0 
610418029426 ,4.7 
601081931429 ,4.8 
581228881643 ,4.7 
610598950624 ,0.0 
614529287933 ,0.0 
611734468524 ,0.0 
613140922046 ,4.9 
610576523658 ,0.0 
610254315979 ,5.0 
610553267502 ,0.0 
612293983225 ,0.0 
613398866372 ,0.0 
613300129674 ,0.0 
612523279254 ,0.0 
606342944313 ,0.0 
607401517636 ,0.0 
611908457214 ,5.0 
603762532562 ,0.0 
612054238093 ,0.0 
613342764583 ,0.0 
602735910719 ,0.0 
591236777255 ,0.0 
596942362432 ,4.8 
606086552773 ,4.7 
577561055375 ,0.0 
606691867040 ,0.0 
614470791007 ,0.0 
604339130376 ,0.0 
604865009647 ,4.8 
599110885259 ,0.0 
598934785664 ,0.0 
611046630957 ,4.9 
579884415213 ,5.0 
603697221384 ,0.0 
597978027761 ,0.0 
603183466473 ,4.8 
591693884340 ,0.0 
608543460562 ,4.5 
599330938829 ,4.9 
582284744243 ,0.0 
595298911841 ,4.7 
597326619010 ,0.0 
608404921825 ,4.8 
611525591004 ,0.0 
610132547616 ,0.0 
560328500028 ,4.8 
614467903719 ,0.0 
613399154734 ,0.0 
609547066708 ,4.8 
598170671403 ,0.0 
604708420691 ,0.0 
613630577620 ,0.0 
603389727799 ,4.7 
612747593741 ,0.0 
594871574983 ,0.0 
603846866032 ,0.0 
612181236325 ,0.0 
561721325149 ,0.0 
595332550642 ,0.0 
574784623658 ,0.0 
573162463171 ,4.8 
599260568008 ,0.0 
607330184142 ,0.0 
611459401526 ,0.0 
612621887433 ,0.0 
587448468328 ,0.0 
610659998984 ,5.0 
579982243079 ,0.0 
611094022438 ,0.0 
602506271607 ,0.0 
610072439924 ,4.9 
611290248682 ,0.0 
611103334396 ,0.0 
610131663981 ,0.0 
603927084080 ,0.0 
613148856884 ,0.0 
597965242651 ,4.8 
590617545326 ,0.0 
605373183889 ,0.0 
602875412383 ,0.0 
587771539772 ,0.0 
